Categoría,Archivo,Ruta local,URL pública
BICICLETAS,sat00142-12.png,C:\Users\Baddo\Desktop\LISTO\LISTO_PROCESADAS\BICICLETAS\sat00142-12.jpg,https://i.ibb.co/Jw2Bwpv9/639e8df3b8aa.jpg
BICICLETAS,SAT00143-12.png,C:\Users\Baddo\Desktop\LISTO\LISTO_PROCESADAS\BICICLETAS\SAT00143-12.jpg,https://i.ibb.co/d8B960H/e30b0514d50b.jpg
BICICLETAS,SAT00144-16.png,C:\Users\Baddo\Desktop\LISTO\LISTO_PROCESADAS\BICICLETAS\SAT00144-16.jpg,https://i.ibb.co/0RvV97Yg/48cac999f85f.jpg
BICICLETAS,SAT00144-20.png,C:\Users\Baddo\Desktop\LISTO\LISTO_PROCESADAS\BICICLETAS\SAT00144-20.jpg,https://i.ibb.co/0RvV97Yg/48cac999f85f.jpg
BICICLETAS,SAT00145-14.png,C:\Users\Baddo\Desktop\LISTO\LISTO_PROCESADAS\BICICLETAS\SAT00145-14.jpg,https://i.ibb.co/0j6hGVxx/450f5ad0e9fe.jpg
BICICLETAS,SAT00146-16.png,C:\Users\Baddo\Desktop\LISTO\LISTO_PROCESADAS\BICICLETAS\SAT00146-16.jpg,https://i.ibb.co/TxbY1ZW1/a6a5fd37b11b.jpg
BICICLETAS,SAT00146-20.png,C:\Users\Baddo\Desktop\LISTO\LISTO_PROCESADAS\BICICLETAS\SAT00146-20.jpg,https://i.ibb.co/TxbY1ZW1/a6a5fd37b11b.jpg
BICICLETAS,SAT00147-16.png,C:\Users\Baddo\Desktop\LISTO\LISTO_PROCESADAS\BICICLETAS\SAT00147-16.jpg,https://i.ibb.co/7tNMgHhW/d3ac3b88a6c3.jpg
BICICLETAS,SAT00148-16.png,C:\Users\Baddo\Desktop\LISTO\LISTO_PROCESADAS\BICICLETAS\SAT00148-16.jpg,https://i.ibb.co/pj53b252/4d1851ae5773.jpg
BICICLETAS,SAT00148-20.png,C:\Users\Baddo\Desktop\LISTO\LISTO_PROCESADAS\BICICLETAS\SAT00148-20.jpg,https://i.ibb.co/pj53b252/4d1851ae5773.jpg
BICICLETAS,SAT00149-12.PNG,C:\Users\Baddo\Desktop\LISTO\LISTO_PROCESADAS\BICICLETAS\SAT00149-12.jpg,https://i.ibb.co/Ng0rRqR2/576c486e1a5f.jpg
BICICLETAS,SAT00149-16.PNG,C:\Users\Baddo\Desktop\LISTO\LISTO_PROCESADAS\BICICLETAS\SAT00149-16.jpg,https://i.ibb.co/Ng0rRqR2/576c486e1a5f.jpg
BICICLETAS,SAT00149-20.PNG,C:\Users\Baddo\Desktop\LISTO\LISTO_PROCESADAS\BICICLETAS\SAT00149-20.jpg,https://i.ibb.co/Ng0rRqR2/576c486e1a5f.jpg
BICICLETAS,SAT00150-12.png,C:\Users\Baddo\Desktop\LISTO\LISTO_PROCESADAS\BICICLETAS\SAT00150-12.jpg,https://i.ibb.co/LdqRxR8f/cc86d4b69c07.jpg
BICICLETAS,SAT00151-12.png,C:\Users\Baddo\Desktop\LISTO\LISTO_PROCESADAS\BICICLETAS\SAT00151-12.jpg,https://i.ibb.co/vvzsCMJh/ea1d1ec5fd3f.jpg
BICICLETAS,SAT00151-16.png,C:\Users\Baddo\Desktop\LISTO\LISTO_PROCESADAS\BICICLETAS\SAT00151-16.jpg,https://i.ibb.co/vvzsCMJh/ea1d1ec5fd3f.jpg
BICICLETAS,SAT00152-12.png,C:\Users\Baddo\Desktop\LISTO\LISTO_PROCESADAS\BICICLETAS\SAT00152-12.jpg,https://i.ibb.co/6cVHd9LX/f16514ddfef9.jpg
BICICLETAS,SAT00153-12.png,C:\Users\Baddo\Desktop\LISTO\LISTO_PROCESADAS\BICICLETAS\SAT00153-12.jpg,https://i.ibb.co/JwPQH54S/0964be381354.jpg
BICICLETAS,SAT00155-12.png,C:\Users\Baddo\Desktop\LISTO\LISTO_PROCESADAS\BICICLETAS\SAT00155-12.jpg,https://i.ibb.co/M5nyPVZm/6492b0e22f62.jpg
BICICLETAS,SAT00155-16.png,C:\Users\Baddo\Desktop\LISTO\LISTO_PROCESADAS\BICICLETAS\SAT00155-16.jpg,https://i.ibb.co/M5nyPVZm/6492b0e22f62.jpg
BICICLETAS,SAT00155-20.png,C:\Users\Baddo\Desktop\LISTO\LISTO_PROCESADAS\BICICLETAS\SAT00155-20.jpg,https://i.ibb.co/M5nyPVZm/6492b0e22f62.jpg
BICICLETAS,SAT00156-12.png,C:\Users\Baddo\Desktop\LISTO\LISTO_PROCESADAS\BICICLETAS\SAT00156-12.jpg,https://i.ibb.co/BDJxNYB/cd58d3c50936.jpg
BICICLETAS,SAT00156-16.png,C:\Users\Baddo\Desktop\LISTO\LISTO_PROCESADAS\BICICLETAS\SAT00156-16.jpg,https://i.ibb.co/BDJxNYB/cd58d3c50936.jpg
BICICLETAS,SAT00156-20.png,C:\Users\Baddo\Desktop\LISTO\LISTO_PROCESADAS\BICICLETAS\SAT00156-20.jpg,https://i.ibb.co/BDJxNYB/cd58d3c50936.jpg
CAMARAS,QD22-4G.PNG,C:\Users\Baddo\Desktop\LISTO\LISTO_PROCESADAS\CAMARAS\QD22-4G.jpg,https://i.ibb.co/BHG0pSJ7/0a544a3a37dd.jpg
CAMARAS,QL18-4G.PNG,C:\Users\Baddo\Desktop\LISTO\LISTO_PROCESADAS\CAMARAS\QL18-4G.jpg,https://i.ibb.co/hR2mFppH/8154a584fcc6.jpg
CAMARAS,S12.PNG,C:\Users\Baddo\Desktop\LISTO\LISTO_PROCESADAS\CAMARAS\S12.jpg,https://i.ibb.co/PsjgPnHC/09813112110a.jpg
CAMARAS,TVGKXMCQ09-2MP.PNG,C:\Users\Baddo\Desktop\LISTO\LISTO_PROCESADAS\CAMARAS\TVGKXMCQ09-2MP.jpg,https://i.ibb.co/qMHY0JR7/020c621ce368.jpg
CAMARAS,TVGKXMCQ12-2MP.PNG,C:\Users\Baddo\Desktop\LISTO\LISTO_PROCESADAS\CAMARAS\TVGKXMCQ12-2MP.jpg,https://i.ibb.co/xS6SGfSW/9feb5da3bd33.jpg
CAMARAS,XMS51-4MP.PNG,C:\Users\Baddo\Desktop\LISTO\LISTO_PROCESADAS\CAMARAS\XMS51-4MP.jpg,https://i.ibb.co/nqBtKrxH/e9bb42a1e07d.jpg
CAMARAS,XMS53-4MP.PNG,C:\Users\Baddo\Desktop\LISTO\LISTO_PROCESADAS\CAMARAS\XMS53-4MP.jpg,https://i.ibb.co/bg2JnYCp/1902438f5ff0.jpg
CAMARAS,XMS6-3MP.png,C:\Users\Baddo\Desktop\LISTO\LISTO_PROCESADAS\CAMARAS\XMS6-3MP.jpg,https://i.ibb.co/NdZMv3rf/b072c842da9c.jpg
CARRO,SAT00135-7.PNG,C:\Users\Baddo\Desktop\LISTO\LISTO_PROCESADAS\CARRO\SAT00135-7.jpg,https://i.ibb.co/6JfNyth9/c001c3d4378b.jpg
CARRO,SAT00136-10.PNG,C:\Users\Baddo\Desktop\LISTO\LISTO_PROCESADAS\CARRO\SAT00136-10.jpg,https://i.ibb.co/SX0nycDx/3e2186447393.jpg
CARRO,SAT00136-9.PNG,C:\Users\Baddo\Desktop\LISTO\LISTO_PROCESADAS\CARRO\SAT00136-9.jpg,https://i.ibb.co/SX0nycDx/3e2186447393.jpg
CARRO,YX1920.PNG,C:\Users\Baddo\Desktop\LISTO\LISTO_PROCESADAS\CARRO\YX1920.jpg,https://i.ibb.co/N6x2KTT9/bb9f603ea930.jpg
CONSOLAS DE VIDEOJUEGOS,M8.PNG,C:\Users\Baddo\Desktop\LISTO\LISTO_PROCESADAS\CONSOLAS DE VIDEOJUEGOS\M8.jpg,https://i.ibb.co/j9RY1wyj/d3f792dc5249.jpg
CONSOLAS DE VIDEOJUEGOS,M8S.PNG,C:\Users\Baddo\Desktop\LISTO\LISTO_PROCESADAS\CONSOLAS DE VIDEOJUEGOS\M8S.jpg,https://i.ibb.co/7dTZfWxk/002c388ef437.jpg
CONSOLAS DE VIDEOJUEGOS,X6.png,C:\Users\Baddo\Desktop\LISTO\LISTO_PROCESADAS\CONSOLAS DE VIDEOJUEGOS\X6.jpg,https://i.ibb.co/PzMGJwgb/f9a9acf08d1c.jpg
CONSOLAS DE VIDEOJUEGOS,X7M.jpg,C:\Users\Baddo\Desktop\LISTO\LISTO_PROCESADAS\CONSOLAS DE VIDEOJUEGOS\X7M.jpg,https://i.ibb.co/NdKfRvWX/9700a111a6a7.jpg
CONSOLAS DE VIDEOJUEGOS,x7PLUS.PNG,C:\Users\Baddo\Desktop\LISTO\LISTO_PROCESADAS\CONSOLAS DE VIDEOJUEGOS\x7PLUS.jpg,https://i.ibb.co/F4X46n6w/b7e65988cbe5.jpg
CORNETAS,JQS9011L.PNG,C:\Users\Baddo\Desktop\LISTO\LISTO_PROCESADAS\CORNETAS\JQS9011L.jpg,https://i.ibb.co/KpVGSSgD/91592d9e8ce5.jpg
CORNETAS,JQS901S.PNG,C:\Users\Baddo\Desktop\LISTO\LISTO_PROCESADAS\CORNETAS\JQS901S.jpg,https://i.ibb.co/ccf5BHFg/42e6e8ec2507.jpg
CORNETAS,JQS902S.PNG,C:\Users\Baddo\Desktop\LISTO\LISTO_PROCESADAS\CORNETAS\JQS902S.jpg,https://i.ibb.co/9mL3h0ZM/2557c3f70231.jpg
CORNETAS,JQS9056.PNG,C:\Users\Baddo\Desktop\LISTO\LISTO_PROCESADAS\CORNETAS\JQS9056.jpg,https://i.ibb.co/wNCKbCXh/f4110fcb82d7.jpg
CORNETAS,JQS910L.PNG,C:\Users\Baddo\Desktop\LISTO\LISTO_PROCESADAS\CORNETAS\JQS910L.jpg,https://i.ibb.co/mFrFMHjp/6785f2fcdd3e.jpg
CORNETAS,JQS911S.PNG,C:\Users\Baddo\Desktop\LISTO\LISTO_PROCESADAS\CORNETAS\JQS911S.jpg,https://i.ibb.co/bgtyYHwh/3492c65eaa62.jpg
CORNETAS,JQS912L.PNG,C:\Users\Baddo\Desktop\LISTO\LISTO_PROCESADAS\CORNETAS\JQS912L.jpg,https://i.ibb.co/pkfsJkH/b325da29d97f.jpg
CORNETAS,JQS9602.PNG,C:\Users\Baddo\Desktop\LISTO\LISTO_PROCESADAS\CORNETAS\JQS9602.jpg,https://i.ibb.co/4wpx08tv/4684dd64498a.jpg
CORNETAS,ZQS10208.PNG,C:\Users\Baddo\Desktop\LISTO\LISTO_PROCESADAS\CORNETAS\ZQS10208.jpg,https://i.ibb.co/p947MJv/7ac8246a4d46.jpg
CORNETAS,ZQS10209.PNG,C:\Users\Baddo\Desktop\LISTO\LISTO_PROCESADAS\CORNETAS\ZQS10209.jpg,https://i.ibb.co/rDp9vjj/f284c6d4f24c.jpg
CORNETAS,ZQS10210.PNG,C:\Users\Baddo\Desktop\LISTO\LISTO_PROCESADAS\CORNETAS\ZQS10210.jpg,https://i.ibb.co/Sw4cQ6Rs/a967e93edce3.jpg
CORNETAS,ZQS10213.PNG,C:\Users\Baddo\Desktop\LISTO\LISTO_PROCESADAS\CORNETAS\ZQS10213.jpg,https://i.ibb.co/k6hwXrbn/a4b5ca02f6ed.jpg
CORNETAS,ZQS10215.PNG,C:\Users\Baddo\Desktop\LISTO\LISTO_PROCESADAS\CORNETAS\ZQS10215.jpg,https://i.ibb.co/Z6LGZfWJ/3006c2f32bb2.jpg
CORNETAS,ZQS12131.PNG,C:\Users\Baddo\Desktop\LISTO\LISTO_PROCESADAS\CORNETAS\ZQS12131.jpg,https://i.ibb.co/7J8btJnh/44185f96d597.jpg
CORNETAS,ZQS12146.PNG,C:\Users\Baddo\Desktop\LISTO\LISTO_PROCESADAS\CORNETAS\ZQS12146.jpg,https://i.ibb.co/sJ5xG3BS/3bff6d22d9a5.jpg
CORNETAS,ZQS12147.PNG,C:\Users\Baddo\Desktop\LISTO\LISTO_PROCESADAS\CORNETAS\ZQS12147.jpg,https://i.ibb.co/DHLtkLJy/ccf6e7061d36.jpg
CORNETAS,ZQS12148.PNG,C:\Users\Baddo\Desktop\LISTO\LISTO_PROCESADAS\CORNETAS\ZQS12148.jpg,https://i.ibb.co/9m5kS8Mf/e975df9577a5.jpg
CORNETAS,ZQS12155.PNG,C:\Users\Baddo\Desktop\LISTO\LISTO_PROCESADAS\CORNETAS\ZQS12155.jpg,https://i.ibb.co/Xx56pSRb/ceae93caac35.jpg
CORNETAS,ZQS12156.PNG,C:\Users\Baddo\Desktop\LISTO\LISTO_PROCESADAS\CORNETAS\ZQS12156.jpg,https://i.ibb.co/prMnZscv/ea91e002e8e7.jpg
CORNETAS,ZQS12201.PNG,C:\Users\Baddo\Desktop\LISTO\LISTO_PROCESADAS\CORNETAS\ZQS12201.jpg,https://i.ibb.co/NdBKtCdZ/75cd6b4aab63.jpg
CORNETAS,ZQS1221W.PNG,C:\Users\Baddo\Desktop\LISTO\LISTO_PROCESADAS\CORNETAS\ZQS1221W.jpg,https://i.ibb.co/pBZ0nFVk/3f6cc2e22f2f.jpg
CORNETAS,ZQS1440.PNG,C:\Users\Baddo\Desktop\LISTO\LISTO_PROCESADAS\CORNETAS\ZQS1440.jpg,https://i.ibb.co/bRdwf1gZ/a058d513c47e.jpg
CORNETAS,ZQS15111.PNG,C:\Users\Baddo\Desktop\LISTO\LISTO_PROCESADAS\CORNETAS\ZQS15111.jpg,https://i.ibb.co/9mzq7rtN/8a23d0b4db60.jpg
CORNETAS,ZQS15112.PNG,C:\Users\Baddo\Desktop\LISTO\LISTO_PROCESADAS\CORNETAS\ZQS15112.jpg,https://i.ibb.co/KpfZdDxF/7d8338aa094b.jpg
CORNETAS,ZQS15124.PNG,C:\Users\Baddo\Desktop\LISTO\LISTO_PROCESADAS\CORNETAS\ZQS15124.jpg,https://i.ibb.co/v4rXvtz2/3cf3689bb65a.jpg
CORNETAS,ZQS2803.PNG,C:\Users\Baddo\Desktop\LISTO\LISTO_PROCESADAS\CORNETAS\ZQS2803.jpg,https://i.ibb.co/cf1sGBf/729d0fe85aa3.jpg
CORNETAS,ZQS3601.PNG,C:\Users\Baddo\Desktop\LISTO\LISTO_PROCESADAS\CORNETAS\ZQS3601.jpg,https://i.ibb.co/HDdhqFfy/969a6586d1a5.jpg
CORNETAS,ZQS42107.PNG,C:\Users\Baddo\Desktop\LISTO\LISTO_PROCESADAS\CORNETAS\ZQS42107.jpg,https://i.ibb.co/SwSpNb1j/194a842306a4.jpg
CORNETAS,ZQS4242.PNG,C:\Users\Baddo\Desktop\LISTO\LISTO_PROCESADAS\CORNETAS\ZQS4242.jpg,https://i.ibb.co/SDvnqYBB/499146e1941f.jpg
CORNETAS,ZQS4259.PNG,C:\Users\Baddo\Desktop\LISTO\LISTO_PROCESADAS\CORNETAS\ZQS4259.jpg,https://i.ibb.co/VYZBWJpJ/1ad384518d01.jpg
CORNETAS,ZQS4273M.PNG,C:\Users\Baddo\Desktop\LISTO\LISTO_PROCESADAS\CORNETAS\ZQS4273M.jpg,https://i.ibb.co/tM9528Pf/09dc5ab2755b.jpg
CORNETAS,ZQS4293.PNG,C:\Users\Baddo\Desktop\LISTO\LISTO_PROCESADAS\CORNETAS\ZQS4293.jpg,https://i.ibb.co/7NGRxdbd/b51cf121027c.jpg
CORNETAS,ZQS4295.PNG,C:\Users\Baddo\Desktop\LISTO\LISTO_PROCESADAS\CORNETAS\ZQS4295.jpg,https://i.ibb.co/m5BjFLjr/d313932d22a6.jpg
CORNETAS,ZQS4303.PNG,C:\Users\Baddo\Desktop\LISTO\LISTO_PROCESADAS\CORNETAS\ZQS4303.jpg,https://i.ibb.co/SwtLtbCc/bab34b6b291a.jpg
CORNETAS,ZQS6212.PNG,C:\Users\Baddo\Desktop\LISTO\LISTO_PROCESADAS\CORNETAS\ZQS6212.jpg,https://i.ibb.co/ycMDX2np/2729fd694146.jpg
CORNETAS,ZQS6232.PNG,C:\Users\Baddo\Desktop\LISTO\LISTO_PROCESADAS\CORNETAS\ZQS6232.jpg,https://i.ibb.co/359PwDBt/85138d08e4d5.jpg
CORNETAS,ZQS6239XW.PNG,C:\Users\Baddo\Desktop\LISTO\LISTO_PROCESADAS\CORNETAS\ZQS6239XW.jpg,https://i.ibb.co/4gM0gjCC/4f23b557ccc4.jpg
CORNETAS,ZQS806.PNG,C:\Users\Baddo\Desktop\LISTO\LISTO_PROCESADAS\CORNETAS\ZQS806.jpg,https://i.ibb.co/Wp7Z5Bc0/6741ddd86d92.jpg
CORNETAS,ZQS8151.PNG,C:\Users\Baddo\Desktop\LISTO\LISTO_PROCESADAS\CORNETAS\ZQS8151.jpg,https://i.ibb.co/vxyn6jyq/9522c81c2d21.jpg
CORNETAS,ZQS8167.PNG,C:\Users\Baddo\Desktop\LISTO\LISTO_PROCESADAS\CORNETAS\ZQS8167.jpg,https://i.ibb.co/SwqR7pYG/fde8246f4e3d.jpg
CORNETAS,ZQS8211.PNG,C:\Users\Baddo\Desktop\LISTO\LISTO_PROCESADAS\CORNETAS\ZQS8211.jpg,https://i.ibb.co/9k7Zzbg7/b1ae74497698.jpg
CORNETAS,ZQS8238.PNG,C:\Users\Baddo\Desktop\LISTO\LISTO_PROCESADAS\CORNETAS\ZQS8238.jpg,https://i.ibb.co/1GcSGRck/aa34a5b09289.jpg
CORNETAS,ZQS8251.PNG,C:\Users\Baddo\Desktop\LISTO\LISTO_PROCESADAS\CORNETAS\ZQS8251.jpg,https://i.ibb.co/QF69xtxL/229b09d824f8.jpg
CORNETAS,ZQS8255.PNG,C:\Users\Baddo\Desktop\LISTO\LISTO_PROCESADAS\CORNETAS\ZQS8255.jpg,https://i.ibb.co/9mQYq9jg/154cefcf88c0.jpg
CORNETAS,ZQS8263.PNG,C:\Users\Baddo\Desktop\LISTO\LISTO_PROCESADAS\CORNETAS\ZQS8263.jpg,https://i.ibb.co/rKmJ18nJ/9bf59b452182.jpg
CORNETAS,ZQS8273.PNG,C:\Users\Baddo\Desktop\LISTO\LISTO_PROCESADAS\CORNETAS\ZQS8273.jpg,https://i.ibb.co/76tn6Md/f1bfeef6e7a5.jpg
CORNETAS,ZQS8275.PNG,C:\Users\Baddo\Desktop\LISTO\LISTO_PROCESADAS\CORNETAS\ZQS8275.jpg,https://i.ibb.co/wXXhQPF/a6aaa58dd048.jpg
CORNETAS,ZQS8301.PNG,C:\Users\Baddo\Desktop\LISTO\LISTO_PROCESADAS\CORNETAS\ZQS8301.jpg,https://i.ibb.co/QvGmvCMB/0b4d8104b360.jpg
CORNETAS,ZQS8309.PNG,C:\Users\Baddo\Desktop\LISTO\LISTO_PROCESADAS\CORNETAS\ZQS8309.jpg,https://i.ibb.co/zTxLRQvP/80b83bfe85d5.jpg
CORNETAS,ZQS8312.PNG,C:\Users\Baddo\Desktop\LISTO\LISTO_PROCESADAS\CORNETAS\ZQS8312.jpg,https://i.ibb.co/5gTzsxXb/72bec336fd0a.jpg
CORNETAS,ZQS8313.PNG,C:\Users\Baddo\Desktop\LISTO\LISTO_PROCESADAS\CORNETAS\ZQS8313.jpg,https://i.ibb.co/PvWSRjFQ/c0d1ede43c0d.jpg
CORNETAS,ZQS8315.PNG,C:\Users\Baddo\Desktop\LISTO\LISTO_PROCESADAS\CORNETAS\ZQS8315.jpg,https://i.ibb.co/hJkQxLMJ/6e1cfd7fd25f.jpg
CORNETAS,ZQSL02.PNG,C:\Users\Baddo\Desktop\LISTO\LISTO_PROCESADAS\CORNETAS\ZQSL02.jpg,https://i.ibb.co/xSY6tmHb/84da464e3616.jpg
CORNETAS,ZQSL13.png,C:\Users\Baddo\Desktop\LISTO\LISTO_PROCESADAS\CORNETAS\ZQSL13.jpg,https://i.ibb.co/rGB6NPHS/3b2667bf2a81.jpg
ELECTRODOMESTICOS,ETG211MTF.PNG,C:\Users\Baddo\Desktop\LISTO\LISTO_PROCESADAS\ELECTRODOMESTICOS\ETG211MTF.jpg,https://i.ibb.co/W4sCVfbQ/8ca3463bdc86.jpg
ELECTRODOMESTICOS\FREIDORAS STARLUX Y SILVER CREST,S18.PNG,C:\Users\Baddo\Desktop\LISTO\LISTO_PROCESADAS\ELECTRODOMESTICOS\FREIDORAS STARLUX Y SILVER CREST\S18.jpg,https://i.ibb.co/HppFF7mY/d1286d1bb700.jpg
ELECTRODOMESTICOS\FREIDORAS STARLUX Y SILVER CREST,SL23006.PNG,C:\Users\Baddo\Desktop\LISTO\LISTO_PROCESADAS\ELECTRODOMESTICOS\FREIDORAS STARLUX Y SILVER CREST\SL23006.jpg,https://i.ibb.co/23ZwCGHD/c77c4a07bab3.jpg
ELECTRODOMESTICOS\FREIDORAS STARLUX Y SILVER CREST,SL23008.PNG,C:\Users\Baddo\Desktop\LISTO\LISTO_PROCESADAS\ELECTRODOMESTICOS\FREIDORAS STARLUX Y SILVER CREST\SL23008.jpg,https://i.ibb.co/NdB9NRym/6863a8078b3c.jpg
ELECTRODOMESTICOS\RAF\LISTO\AIR FRYER,R95232W.PNG,C:\Users\Baddo\Desktop\LISTO\LISTO_PROCESADAS\ELECTRODOMESTICOS\RAF\LISTO\AIR FRYER\R95232W.jpg,https://i.ibb.co/HTdS5s7y/9d476c5ef8e8.jpg
ELECTRODOMESTICOS\RAF\LISTO\AIR FRYER,R95234B.PNG,C:\Users\Baddo\Desktop\LISTO\LISTO_PROCESADAS\ELECTRODOMESTICOS\RAF\LISTO\AIR FRYER\R95234B.jpg,https://i.ibb.co/j9ftqYJ2/0fae015cbb64.jpg
ELECTRODOMESTICOS\RAF\LISTO\AIR FRYER,R95234W.PNG,C:\Users\Baddo\Desktop\LISTO\LISTO_PROCESADAS\ELECTRODOMESTICOS\RAF\LISTO\AIR FRYER\R95234W.jpg,https://i.ibb.co/r2Nr1Zvs/59c5ffde4b35.jpg
ELECTRODOMESTICOS\RAF\LISTO\AIR FRYER,R95350.PNG,C:\Users\Baddo\Desktop\LISTO\LISTO_PROCESADAS\ELECTRODOMESTICOS\RAF\LISTO\AIR FRYER\R95350.jpg,https://i.ibb.co/5WSRRZRr/6dcd660a9ce9.jpg
ELECTRODOMESTICOS\RAF\LISTO\AIR FRYER,R95398.PNG,C:\Users\Baddo\Desktop\LISTO\LISTO_PROCESADAS\ELECTRODOMESTICOS\RAF\LISTO\AIR FRYER\R95398.jpg,https://i.ibb.co/0RFfmWT4/b48215aa6ed5.jpg
ELECTRODOMESTICOS\RAF\LISTO\BALANZAS PERSONALES,R10005.PNG,C:\Users\Baddo\Desktop\LISTO\LISTO_PROCESADAS\ELECTRODOMESTICOS\RAF\LISTO\BALANZAS PERSONALES\R10005.jpg,https://i.ibb.co/Z6CGPbbQ/062ad5a537e5.jpg
ELECTRODOMESTICOS\RAF\LISTO\BALANZAS PERSONALES,R10022.PNG,C:\Users\Baddo\Desktop\LISTO\LISTO_PROCESADAS\ELECTRODOMESTICOS\RAF\LISTO\BALANZAS PERSONALES\R10022.jpg,https://i.ibb.co/cKNYfK8C/61e4712bd70e.jpg
ELECTRODOMESTICOS\RAF\LISTO\BALANZAS PERSONALES,R10028.PNG,C:\Users\Baddo\Desktop\LISTO\LISTO_PROCESADAS\ELECTRODOMESTICOS\RAF\LISTO\BALANZAS PERSONALES\R10028.jpg,https://i.ibb.co/WWQskVJJ/cb0df4e2decd.jpg
ELECTRODOMESTICOS\RAF\LISTO\BATIDORAS,R96633.PNG,C:\Users\Baddo\Desktop\LISTO\LISTO_PROCESADAS\ELECTRODOMESTICOS\RAF\LISTO\BATIDORAS\R96633.jpg,https://i.ibb.co/Vym0RBM/0d365513b260.jpg
ELECTRODOMESTICOS\RAF\LISTO\BATIDORAS,R96637.PNG,C:\Users\Baddo\Desktop\LISTO\LISTO_PROCESADAS\ELECTRODOMESTICOS\RAF\LISTO\BATIDORAS\R96637.jpg,https://i.ibb.co/whKgCXCY/bcfdad27382e.jpg
ELECTRODOMESTICOS\RAF\LISTO\BATIDORAS,R96690.PNG,C:\Users\Baddo\Desktop\LISTO\LISTO_PROCESADAS\ELECTRODOMESTICOS\RAF\LISTO\BATIDORAS\R96690.jpg,https://i.ibb.co/XxvyJvc4/28bbf602b909.jpg
ELECTRODOMESTICOS\RAF\LISTO\BATIDORES DE MANO,R342W.PNG,C:\Users\Baddo\Desktop\LISTO\LISTO_PROCESADAS\ELECTRODOMESTICOS\RAF\LISTO\BATIDORES DE MANO\R342W.jpg,https://i.ibb.co/MDcHLQZV/0f31cb425226.jpg
ELECTRODOMESTICOS\RAF\LISTO\BATIDORES DE MANO,R394G.PNG,C:\Users\Baddo\Desktop\LISTO\LISTO_PROCESADAS\ELECTRODOMESTICOS\RAF\LISTO\BATIDORES DE MANO\R394G.jpg,https://i.ibb.co/NnghnKnY/b73259502d3c.jpg
ELECTRODOMESTICOS\RAF\LISTO\BATIDORES DE MANO,R9319.PNG,C:\Users\Baddo\Desktop\LISTO\LISTO_PROCESADAS\ELECTRODOMESTICOS\RAF\LISTO\BATIDORES DE MANO\R9319.jpg,https://i.ibb.co/PvR5Y1HD/00c0a49d302f.jpg
"ELECTRODOMESTICOS\RAF\LISTO\CAFETERAS, HERVIDORES Y PURIFICADORES DE AGUA",R7503-1.PNG,"C:\Users\Baddo\Desktop\LISTO\LISTO_PROCESADAS\ELECTRODOMESTICOS\RAF\LISTO\CAFETERAS, HERVIDORES Y PURIFICADORES DE AGUA\R7503-1.jpg",https://i.ibb.co/5hZX7VLK/fc53b713029f.jpg
"ELECTRODOMESTICOS\RAF\LISTO\CAFETERAS, HERVIDORES Y PURIFICADORES DE AGUA",R7503.PNG,"C:\Users\Baddo\Desktop\LISTO\LISTO_PROCESADAS\ELECTRODOMESTICOS\RAF\LISTO\CAFETERAS, HERVIDORES Y PURIFICADORES DE AGUA\R7503.jpg",https://i.ibb.co/KpB0rcs7/bd0c56603b7b.jpg
"ELECTRODOMESTICOS\RAF\LISTO\CAFETERAS, HERVIDORES Y PURIFICADORES DE AGUA",R7503PART.PNG,"C:\Users\Baddo\Desktop\LISTO\LISTO_PROCESADAS\ELECTRODOMESTICOS\RAF\LISTO\CAFETERAS, HERVIDORES Y PURIFICADORES DE AGUA\R7503PART.jpg",https://i.ibb.co/TDKGWyPb/581d9710fd86.jpg
"ELECTRODOMESTICOS\RAF\LISTO\CAFETERAS, HERVIDORES Y PURIFICADORES DE AGUA",R9101S.PNG,"C:\Users\Baddo\Desktop\LISTO\LISTO_PROCESADAS\ELECTRODOMESTICOS\RAF\LISTO\CAFETERAS, HERVIDORES Y PURIFICADORES DE AGUA\R9101S.jpg",https://i.ibb.co/vrr7kBq/2ae49c749d53.jpg
"ELECTRODOMESTICOS\RAF\LISTO\CAFETERAS, HERVIDORES Y PURIFICADORES DE AGUA",R97201.PNG,"C:\Users\Baddo\Desktop\LISTO\LISTO_PROCESADAS\ELECTRODOMESTICOS\RAF\LISTO\CAFETERAS, HERVIDORES Y PURIFICADORES DE AGUA\R97201.jpg",https://i.ibb.co/Q3YBZ0BW/d8cad7185ae1.jpg
ELECTRODOMESTICOS\RAF\LISTO\CEPILLOS PARA EL CABELLO,R9412.PNG,C:\Users\Baddo\Desktop\LISTO\LISTO_PROCESADAS\ELECTRODOMESTICOS\RAF\LISTO\CEPILLOS PARA EL CABELLO\R9412.jpg,https://i.ibb.co/WNHtKqPT/f3b953e13a29.jpg
ELECTRODOMESTICOS\RAF\LISTO\CEPILLOS PARA EL CABELLO,R94565.PNG,C:\Users\Baddo\Desktop\LISTO\LISTO_PROCESADAS\ELECTRODOMESTICOS\RAF\LISTO\CEPILLOS PARA EL CABELLO\R94565.jpg,https://i.ibb.co/rK2cnKSr/5d18c433e6e6.jpg
ELECTRODOMESTICOS\RAF\LISTO\COCINAS DE GAS,R8032B.png,C:\Users\Baddo\Desktop\LISTO\LISTO_PROCESADAS\ELECTRODOMESTICOS\RAF\LISTO\COCINAS DE GAS\R8032B.jpg,https://i.ibb.co/Ng0WGL6b/3a03bef01c52.jpg
ELECTRODOMESTICOS\RAF\LISTO\COCINAS DE GAS,R8035.PNG,C:\Users\Baddo\Desktop\LISTO\LISTO_PROCESADAS\ELECTRODOMESTICOS\RAF\LISTO\COCINAS DE GAS\R8035.jpg,https://i.ibb.co/9HNm0rWk/73a75fcb55ce.jpg
ELECTRODOMESTICOS\RAF\LISTO\COCINAS DE GAS,r8052.PNG,C:\Users\Baddo\Desktop\LISTO\LISTO_PROCESADAS\ELECTRODOMESTICOS\RAF\LISTO\COCINAS DE GAS\r8052.jpg,https://i.ibb.co/HDFsgKY9/eee669ade12c.jpg
ELECTRODOMESTICOS\RAF\LISTO\COCINAS DE GAS,R8500.PNG,C:\Users\Baddo\Desktop\LISTO\LISTO_PROCESADAS\ELECTRODOMESTICOS\RAF\LISTO\COCINAS DE GAS\R8500.jpg,https://i.ibb.co/kVnHtnHC/c54bc25951eb.jpg
ELECTRODOMESTICOS\RAF\LISTO\COCINAS DE GAS,R8501.PNG,C:\Users\Baddo\Desktop\LISTO\LISTO_PROCESADAS\ELECTRODOMESTICOS\RAF\LISTO\COCINAS DE GAS\R8501.jpg,https://i.ibb.co/675R1QDm/fbadf1b440a2.jpg
ELECTRODOMESTICOS\RAF\LISTO\COCINAS DE GAS,R8502.PNG,C:\Users\Baddo\Desktop\LISTO\LISTO_PROCESADAS\ELECTRODOMESTICOS\RAF\LISTO\COCINAS DE GAS\R8502.jpg,https://i.ibb.co/wD7nwTk/7a5fbb711d4c.jpg
ELECTRODOMESTICOS\RAF\LISTO\COCINAS DE INFRARROJOS,R98027.PNG,C:\Users\Baddo\Desktop\LISTO\LISTO_PROCESADAS\ELECTRODOMESTICOS\RAF\LISTO\COCINAS DE INFRARROJOS\R98027.jpg,https://i.ibb.co/4n5M5wDc/92b4a3bef0e3.jpg
ELECTRODOMESTICOS\RAF\LISTO\COCINAS DE INFRARROJOS,R98028.PNG,C:\Users\Baddo\Desktop\LISTO\LISTO_PROCESADAS\ELECTRODOMESTICOS\RAF\LISTO\COCINAS DE INFRARROJOS\R98028.jpg,https://i.ibb.co/Wvk1txc4/1b86dd32143a.jpg
ELECTRODOMESTICOS\RAF\LISTO\COCINAS DE INFRARROJOS,R98029.PNG,C:\Users\Baddo\Desktop\LISTO\LISTO_PROCESADAS\ELECTRODOMESTICOS\RAF\LISTO\COCINAS DE INFRARROJOS\R98029.jpg,https://i.ibb.co/QF67HLm7/7fffa7afa190.jpg
ELECTRODOMESTICOS\RAF\LISTO\COCINAS DE INFRARROJOS,R98036.PNG,C:\Users\Baddo\Desktop\LISTO\LISTO_PROCESADAS\ELECTRODOMESTICOS\RAF\LISTO\COCINAS DE INFRARROJOS\R98036.jpg,https://i.ibb.co/PsHVRVyr/1f3ef348ca17.jpg
ELECTRODOMESTICOS\RAF\LISTO\COCINAS DE INFRARROJOS,R98046B.PNG,C:\Users\Baddo\Desktop\LISTO\LISTO_PROCESADAS\ELECTRODOMESTICOS\RAF\LISTO\COCINAS DE INFRARROJOS\R98046B.jpg,https://i.ibb.co/Qj6cLgNP/afc484d9d8c0.jpg
ELECTRODOMESTICOS\RAF\LISTO\COCINAS DE INFRARROJOS,R98061.PNG,C:\Users\Baddo\Desktop\LISTO\LISTO_PROCESADAS\ELECTRODOMESTICOS\RAF\LISTO\COCINAS DE INFRARROJOS\R98061.jpg,https://i.ibb.co/672xRCFn/8198a518e2b7.jpg
ELECTRODOMESTICOS\RAF\LISTO\DONERAS,R92205.PNG,C:\Users\Baddo\Desktop\LISTO\LISTO_PROCESADAS\ELECTRODOMESTICOS\RAF\LISTO\DONERAS\R92205.jpg,https://i.ibb.co/LDkyTdjY/e2fbd4733bbd.jpg
ELECTRODOMESTICOS\RAF\LISTO\DONERAS,R92219R.PNG,C:\Users\Baddo\Desktop\LISTO\LISTO_PROCESADAS\ELECTRODOMESTICOS\RAF\LISTO\DONERAS\R92219R.jpg,https://i.ibb.co/LXWGV43c/d55afa0941f5.jpg
ELECTRODOMESTICOS\RAF\LISTO\ESTRACTORES DE JUGO,R92733.PNG,C:\Users\Baddo\Desktop\LISTO\LISTO_PROCESADAS\ELECTRODOMESTICOS\RAF\LISTO\ESTRACTORES DE JUGO\R92733.jpg,https://i.ibb.co/VWdTY9FM/bb300d625dfb.jpg
ELECTRODOMESTICOS\RAF\LISTO\ESTRACTORES DE JUGO,R92805.PNG,C:\Users\Baddo\Desktop\LISTO\LISTO_PROCESADAS\ELECTRODOMESTICOS\RAF\LISTO\ESTRACTORES DE JUGO\R92805.jpg,https://i.ibb.co/wNqPN7SG/21a8418d133f.jpg
ELECTRODOMESTICOS\RAF\LISTO\ESTRACTORES DE JUGO,R92811.PNG,C:\Users\Baddo\Desktop\LISTO\LISTO_PROCESADAS\ELECTRODOMESTICOS\RAF\LISTO\ESTRACTORES DE JUGO\R92811.jpg,https://i.ibb.co/WvJg07DC/93dc3844de89.jpg
ELECTRODOMESTICOS\RAF\LISTO\ESTRACTORES DE JUGO,R92831.PNG,C:\Users\Baddo\Desktop\LISTO\LISTO_PROCESADAS\ELECTRODOMESTICOS\RAF\LISTO\ESTRACTORES DE JUGO\R92831.jpg,https://i.ibb.co/VW2HKnjY/2c05b2488f1d.jpg
ELECTRODOMESTICOS\RAF\LISTO\ESTRACTORES DE JUGO,R9611.PNG,C:\Users\Baddo\Desktop\LISTO\LISTO_PROCESADAS\ELECTRODOMESTICOS\RAF\LISTO\ESTRACTORES DE JUGO\R9611.jpg,https://i.ibb.co/qK5FnRB/6820f720c365.jpg
ELECTRODOMESTICOS\RAF\LISTO\ESTRACTORES DE JUGO,R9617.PNG,C:\Users\Baddo\Desktop\LISTO\LISTO_PROCESADAS\ELECTRODOMESTICOS\RAF\LISTO\ESTRACTORES DE JUGO\R9617.jpg,https://i.ibb.co/8LwpHKqQ/050abcf8a9ce.jpg
ELECTRODOMESTICOS\RAF\LISTO\ESTRACTORES DE JUGO,R9638.PNG,C:\Users\Baddo\Desktop\LISTO\LISTO_PROCESADAS\ELECTRODOMESTICOS\RAF\LISTO\ESTRACTORES DE JUGO\R9638.jpg,https://i.ibb.co/ycNjxLZX/06eb05710b9c.jpg
ELECTRODOMESTICOS\RAF\LISTO\FREIDORAS PROFUNDAS,R5221.PNG,C:\Users\Baddo\Desktop\LISTO\LISTO_PROCESADAS\ELECTRODOMESTICOS\RAF\LISTO\FREIDORAS PROFUNDAS\R5221.jpg,https://i.ibb.co/vC9q2kBv/3295acaad073.jpg
ELECTRODOMESTICOS\RAF\LISTO\FREIDORAS PROFUNDAS,R95220.PNG,C:\Users\Baddo\Desktop\LISTO\LISTO_PROCESADAS\ELECTRODOMESTICOS\RAF\LISTO\FREIDORAS PROFUNDAS\R95220.jpg,https://i.ibb.co/d0tzkNgL/e5cb90157946.jpg
ELECTRODOMESTICOS\RAF\LISTO\FREIDORAS PROFUNDAS,R95229.PNG,C:\Users\Baddo\Desktop\LISTO\LISTO_PROCESADAS\ELECTRODOMESTICOS\RAF\LISTO\FREIDORAS PROFUNDAS\R95229.jpg,https://i.ibb.co/vCKPhpSP/1eadd68a6a47.jpg
ELECTRODOMESTICOS\RAF\LISTO\FREIDORAS PROFUNDAS,R95249.PNG,C:\Users\Baddo\Desktop\LISTO\LISTO_PROCESADAS\ELECTRODOMESTICOS\RAF\LISTO\FREIDORAS PROFUNDAS\R95249.jpg,https://i.ibb.co/PZPMC1np/c87d7d7f8a69.jpg
ELECTRODOMESTICOS\RAF\LISTO\HORNOS ELECTRICOS,R95305B.PNG,C:\Users\Baddo\Desktop\LISTO\LISTO_PROCESADAS\ELECTRODOMESTICOS\RAF\LISTO\HORNOS ELECTRICOS\R95305B.jpg,https://i.ibb.co/rfHtJGXj/59a984944751.jpg
ELECTRODOMESTICOS\RAF\LISTO\HORNOS ELECTRICOS,R95305W.PNG,C:\Users\Baddo\Desktop\LISTO\LISTO_PROCESADAS\ELECTRODOMESTICOS\RAF\LISTO\HORNOS ELECTRICOS\R95305W.jpg,https://i.ibb.co/pjQ71WjP/7edf3f6f4a8c.jpg
ELECTRODOMESTICOS\RAF\LISTO\JUEGO DE OLLAS Y MOLEDOR DE CONDIMENTOS,R741.PNG,C:\Users\Baddo\Desktop\LISTO\LISTO_PROCESADAS\ELECTRODOMESTICOS\RAF\LISTO\JUEGO DE OLLAS Y MOLEDOR DE CONDIMENTOS\R741.jpg,https://i.ibb.co/qMJtkwPK/ef08e38fee83.jpg
ELECTRODOMESTICOS\RAF\LISTO\JUEGO DE OLLAS Y MOLEDOR DE CONDIMENTOS,R80002.PNG,C:\Users\Baddo\Desktop\LISTO\LISTO_PROCESADAS\ELECTRODOMESTICOS\RAF\LISTO\JUEGO DE OLLAS Y MOLEDOR DE CONDIMENTOS\R80002.jpg,https://i.ibb.co/1fHsBFDH/cb6a4003ab96.jpg
ELECTRODOMESTICOS\RAF\LISTO\LICUADORAS,R92834.PNG,C:\Users\Baddo\Desktop\LISTO\LISTO_PROCESADAS\ELECTRODOMESTICOS\RAF\LISTO\LICUADORAS\R92834.jpg,https://i.ibb.co/9kSQdTFX/09cbbd130971.jpg
ELECTRODOMESTICOS\RAF\LISTO\LICUADORAS,R92863.PNG,C:\Users\Baddo\Desktop\LISTO\LISTO_PROCESADAS\ELECTRODOMESTICOS\RAF\LISTO\LICUADORAS\R92863.jpg,https://i.ibb.co/gQG12V7/64a588b923dc.jpg
ELECTRODOMESTICOS\RAF\LISTO\LICUADORAS,R92877.PNG,C:\Users\Baddo\Desktop\LISTO\LISTO_PROCESADAS\ELECTRODOMESTICOS\RAF\LISTO\LICUADORAS\R92877.jpg,https://i.ibb.co/JWvs9yw7/6836e2488a9b.jpg
ELECTRODOMESTICOS\RAF\LISTO\LICUADORAS,R92889.PNG,C:\Users\Baddo\Desktop\LISTO\LISTO_PROCESADAS\ELECTRODOMESTICOS\RAF\LISTO\LICUADORAS\R92889.jpg,https://i.ibb.co/vvRWJhb1/ee8aeba490c5.jpg
ELECTRODOMESTICOS\RAF\LISTO\MAQUINAS DE COTUFA,R99012.PNG,C:\Users\Baddo\Desktop\LISTO\LISTO_PROCESADAS\ELECTRODOMESTICOS\RAF\LISTO\MAQUINAS DE COTUFA\R99012.jpg,https://i.ibb.co/pvs64tLH/15baeae68c11.jpg
ELECTRODOMESTICOS\RAF\LISTO\MAQUINAS DE COTUFA,R99014.PNG,C:\Users\Baddo\Desktop\LISTO\LISTO_PROCESADAS\ELECTRODOMESTICOS\RAF\LISTO\MAQUINAS DE COTUFA\R99014.jpg,https://i.ibb.co/3yWDpqCz/3e511be76da2.jpg
ELECTRODOMESTICOS\RAF\LISTO\MAQUINAS DE YOGURT Y HIELERA,R90300.PNG,C:\Users\Baddo\Desktop\LISTO\LISTO_PROCESADAS\ELECTRODOMESTICOS\RAF\LISTO\MAQUINAS DE YOGURT Y HIELERA\R90300.jpg,https://i.ibb.co/0RjchK2T/ac1ac767858a.jpg
ELECTRODOMESTICOS\RAF\LISTO\MAQUINAS DE YOGURT Y HIELERA,R914400.PNG,C:\Users\Baddo\Desktop\LISTO\LISTO_PROCESADAS\ELECTRODOMESTICOS\RAF\LISTO\MAQUINAS DE YOGURT Y HIELERA\R914400.jpg,https://i.ibb.co/zHR5GZj6/335ced1cf4ee.jpg
ELECTRODOMESTICOS\RAF\LISTO\MAQUINAS DE YOGURT Y HIELERA,R914404.PNG,C:\Users\Baddo\Desktop\LISTO\LISTO_PROCESADAS\ELECTRODOMESTICOS\RAF\LISTO\MAQUINAS DE YOGURT Y HIELERA\R914404.jpg,https://i.ibb.co/392W2zgb/471936c97fcd.jpg
ELECTRODOMESTICOS\RAF\LISTO\OLLAS Y SARTENES ELECTRICOS,R9166W.PNG,C:\Users\Baddo\Desktop\LISTO\LISTO_PROCESADAS\ELECTRODOMESTICOS\RAF\LISTO\OLLAS Y SARTENES ELECTRICOS\R9166W.jpg,https://i.ibb.co/dTj4mLf/da4524471445.jpg
ELECTRODOMESTICOS\RAF\LISTO\OLLAS Y SARTENES ELECTRICOS,R9179.PNG,C:\Users\Baddo\Desktop\LISTO\LISTO_PROCESADAS\ELECTRODOMESTICOS\RAF\LISTO\OLLAS Y SARTENES ELECTRICOS\R9179.jpg,https://i.ibb.co/CKWqQpt2/9d90c0239893.jpg
ELECTRODOMESTICOS\RAF\LISTO\OLLAS Y SARTENES ELECTRICOS,R9180.PNG,C:\Users\Baddo\Desktop\LISTO\LISTO_PROCESADAS\ELECTRODOMESTICOS\RAF\LISTO\OLLAS Y SARTENES ELECTRICOS\R9180.jpg,https://i.ibb.co/Tq0fvD3N/d3609caf3a71.jpg
ELECTRODOMESTICOS\RAF\LISTO\OLLAS Y SARTENES ELECTRICOS,R95410.PNG,C:\Users\Baddo\Desktop\LISTO\LISTO_PROCESADAS\ELECTRODOMESTICOS\RAF\LISTO\OLLAS Y SARTENES ELECTRICOS\R95410.jpg,https://i.ibb.co/prjcHBjQ/ce028b844b84.jpg
ELECTRODOMESTICOS\RAF\LISTO\OLLAS Y SARTENES ELECTRICOS,R95411.PNG,C:\Users\Baddo\Desktop\LISTO\LISTO_PROCESADAS\ELECTRODOMESTICOS\RAF\LISTO\OLLAS Y SARTENES ELECTRICOS\R95411.jpg,https://i.ibb.co/4ZWPxpTT/28a549f7142d.jpg
ELECTRODOMESTICOS\RAF\LISTO\PLANCHAS DE ROPA,R1313B.PNG,C:\Users\Baddo\Desktop\LISTO\LISTO_PROCESADAS\ELECTRODOMESTICOS\RAF\LISTO\PLANCHAS DE ROPA\R1313B.jpg,https://i.ibb.co/d4Jw1jjR/ca3ae25b0a0b.jpg
ELECTRODOMESTICOS\RAF\LISTO\PLANCHAS DE ROPA,R4102W.PNG,C:\Users\Baddo\Desktop\LISTO\LISTO_PROCESADAS\ELECTRODOMESTICOS\RAF\LISTO\PLANCHAS DE ROPA\R4102W.jpg,https://i.ibb.co/0p2Qd74K/5b0186f28c21.jpg
ELECTRODOMESTICOS\RAF\LISTO\PLANCHAS DE ROPA,R91171B.PNG,C:\Users\Baddo\Desktop\LISTO\LISTO_PROCESADAS\ELECTRODOMESTICOS\RAF\LISTO\PLANCHAS DE ROPA\R91171B.jpg,https://i.ibb.co/TB98GQXD/65dcfadc2062.jpg
ELECTRODOMESTICOS\RAF\LISTO\PLANCHAS DE ROPA,R91171R.PNG,C:\Users\Baddo\Desktop\LISTO\LISTO_PROCESADAS\ELECTRODOMESTICOS\RAF\LISTO\PLANCHAS DE ROPA\R91171R.jpg,https://i.ibb.co/whJLLMCR/99277f5b65f6.jpg
ELECTRODOMESTICOS\RAF\LISTO\PLANCHAS DE ROPA,R91234B.PNG,C:\Users\Baddo\Desktop\LISTO\LISTO_PROCESADAS\ELECTRODOMESTICOS\RAF\LISTO\PLANCHAS DE ROPA\R91234B.jpg,https://i.ibb.co/GfJ0rHtf/f496234cda66.jpg
ELECTRODOMESTICOS\RAF\LISTO\PLANCHAS DE ROPA,R91245B.PNG,C:\Users\Baddo\Desktop\LISTO\LISTO_PROCESADAS\ELECTRODOMESTICOS\RAF\LISTO\PLANCHAS DE ROPA\R91245B.jpg,https://i.ibb.co/wFpsDJ2x/bce9f6f9b8f5.jpg
ELECTRODOMESTICOS\RAF\LISTO\PLANCHAS DE ROPA,R91266G.PNG,C:\Users\Baddo\Desktop\LISTO\LISTO_PROCESADAS\ELECTRODOMESTICOS\RAF\LISTO\PLANCHAS DE ROPA\R91266G.jpg,https://i.ibb.co/qMSXRv0B/d4e3613f2043.jpg
ELECTRODOMESTICOS\RAF\LISTO\PLANCHAS DE ROPA,R91267.PNG,C:\Users\Baddo\Desktop\LISTO\LISTO_PROCESADAS\ELECTRODOMESTICOS\RAF\LISTO\PLANCHAS DE ROPA\R91267.jpg,https://i.ibb.co/wN7YKGTf/510d456e6fa1.jpg
ELECTRODOMESTICOS\RAF\LISTO\PROCESADORES DE ALIMENTOS,R97014.PNG,C:\Users\Baddo\Desktop\LISTO\LISTO_PROCESADAS\ELECTRODOMESTICOS\RAF\LISTO\PROCESADORES DE ALIMENTOS\R97014.jpg,https://i.ibb.co/G4GdtMs9/c8efac8d5493.jpg
ELECTRODOMESTICOS\RAF\LISTO\PROCESADORES DE ALIMENTOS,R97126.PNG,C:\Users\Baddo\Desktop\LISTO\LISTO_PROCESADAS\ELECTRODOMESTICOS\RAF\LISTO\PROCESADORES DE ALIMENTOS\R97126.jpg,https://i.ibb.co/S4H8TXHC/26c04fa61f27.jpg
ELECTRODOMESTICOS\RAF\LISTO\PROCESADORES DE ALIMENTOS,R97709.PNG,C:\Users\Baddo\Desktop\LISTO\LISTO_PROCESADAS\ELECTRODOMESTICOS\RAF\LISTO\PROCESADORES DE ALIMENTOS\R97709.jpg,https://i.ibb.co/Y7gTW7Cn/8221746bb1a0.jpg
ELECTRODOMESTICOS\RAF\LISTO\SANDWICHERA Y PARRILLERA,R9207S.PNG,C:\Users\Baddo\Desktop\LISTO\LISTO_PROCESADAS\ELECTRODOMESTICOS\RAF\LISTO\SANDWICHERA Y PARRILLERA\R9207S.jpg,https://i.ibb.co/xShFW8QY/2a0da730a4ed.jpg
ELECTRODOMESTICOS\RAF\LISTO\SANDWICHERA Y PARRILLERA,R9516.PNG,C:\Users\Baddo\Desktop\LISTO\LISTO_PROCESADAS\ELECTRODOMESTICOS\RAF\LISTO\SANDWICHERA Y PARRILLERA\R9516.jpg,https://i.ibb.co/23R7BGw1/7c47b7fbe4e4.jpg
ELECTRODOMESTICOS\RAF\LISTO\SANDWICHERA Y PARRILLERA,R9540.PNG,C:\Users\Baddo\Desktop\LISTO\LISTO_PROCESADAS\ELECTRODOMESTICOS\RAF\LISTO\SANDWICHERA Y PARRILLERA\R9540.jpg,https://i.ibb.co/8Dg009wh/f1e58f7323d3.jpg
ELECTRODOMESTICOS\RAF\LISTO\SANDWICHERA Y PARRILLERA,R9541.PNG,C:\Users\Baddo\Desktop\LISTO\LISTO_PROCESADAS\ELECTRODOMESTICOS\RAF\LISTO\SANDWICHERA Y PARRILLERA\R9541.jpg,https://i.ibb.co/HfW4VN7n/a19a996cd228.jpg
LISTO_PROCESADAS\BICICLETAS,sat00142-12.jpg,C:\Users\Baddo\Desktop\LISTO\LISTO_PROCESADAS\LISTO_PROCESADAS\BICICLETAS\sat00142-12.jpg,https://i.ibb.co/TxGk6Z8S/d05488be9b30.jpg
LISTO_PROCESADAS\BICICLETAS,SAT00143-12.jpg,C:\Users\Baddo\Desktop\LISTO\LISTO_PROCESADAS\LISTO_PROCESADAS\BICICLETAS\SAT00143-12.jpg,https://i.ibb.co/XfYjML1g/39b647a57aba.jpg
LISTO_PROCESADAS\BICICLETAS,SAT00144-16.jpg,C:\Users\Baddo\Desktop\LISTO\LISTO_PROCESADAS\LISTO_PROCESADAS\BICICLETAS\SAT00144-16.jpg,https://i.ibb.co/bjRgm5bs/d15a459b2f84.jpg
LISTO_PROCESADAS\BICICLETAS,SAT00144-20.jpg,C:\Users\Baddo\Desktop\LISTO\LISTO_PROCESADAS\LISTO_PROCESADAS\BICICLETAS\SAT00144-20.jpg,https://i.ibb.co/bjRgm5bs/d15a459b2f84.jpg
LISTO_PROCESADAS\BICICLETAS,SAT00145-14.jpg,C:\Users\Baddo\Desktop\LISTO\LISTO_PROCESADAS\LISTO_PROCESADAS\BICICLETAS\SAT00145-14.jpg,https://i.ibb.co/fVhtFtys/5c114e8c5e66.jpg
LISTO_PROCESADAS\BICICLETAS,SAT00146-16.jpg,C:\Users\Baddo\Desktop\LISTO\LISTO_PROCESADAS\LISTO_PROCESADAS\BICICLETAS\SAT00146-16.jpg,https://i.ibb.co/gZ0KZYCD/f0bed637b2ca.jpg
LISTO_PROCESADAS\BICICLETAS,SAT00146-20.jpg,C:\Users\Baddo\Desktop\LISTO\LISTO_PROCESADAS\LISTO_PROCESADAS\BICICLETAS\SAT00146-20.jpg,https://i.ibb.co/gZ0KZYCD/f0bed637b2ca.jpg
LISTO_PROCESADAS\BICICLETAS,SAT00147-16.jpg,C:\Users\Baddo\Desktop\LISTO\LISTO_PROCESADAS\LISTO_PROCESADAS\BICICLETAS\SAT00147-16.jpg,https://i.ibb.co/Q75KhSZR/24c4c21e5160.jpg
LISTO_PROCESADAS\BICICLETAS,SAT00148-16.jpg,C:\Users\Baddo\Desktop\LISTO\LISTO_PROCESADAS\LISTO_PROCESADAS\BICICLETAS\SAT00148-16.jpg,https://i.ibb.co/FbnyYLfy/a2340b3c5000.jpg
LISTO_PROCESADAS\BICICLETAS,SAT00148-20.jpg,C:\Users\Baddo\Desktop\LISTO\LISTO_PROCESADAS\LISTO_PROCESADAS\BICICLETAS\SAT00148-20.jpg,https://i.ibb.co/FbnyYLfy/a2340b3c5000.jpg
LISTO_PROCESADAS\BICICLETAS,SAT00149-12.jpg,C:\Users\Baddo\Desktop\LISTO\LISTO_PROCESADAS\LISTO_PROCESADAS\BICICLETAS\SAT00149-12.jpg,https://i.ibb.co/bjz2WK97/799a7906ad99.jpg
LISTO_PROCESADAS\BICICLETAS,SAT00149-16.jpg,C:\Users\Baddo\Desktop\LISTO\LISTO_PROCESADAS\LISTO_PROCESADAS\BICICLETAS\SAT00149-16.jpg,https://i.ibb.co/bjz2WK97/799a7906ad99.jpg
LISTO_PROCESADAS\BICICLETAS,SAT00149-20.jpg,C:\Users\Baddo\Desktop\LISTO\LISTO_PROCESADAS\LISTO_PROCESADAS\BICICLETAS\SAT00149-20.jpg,https://i.ibb.co/bjz2WK97/799a7906ad99.jpg
LISTO_PROCESADAS\BICICLETAS,SAT00150-12.jpg,C:\Users\Baddo\Desktop\LISTO\LISTO_PROCESADAS\LISTO_PROCESADAS\BICICLETAS\SAT00150-12.jpg,https://i.ibb.co/XZ1SGGSg/46c0949b7b18.jpg
LISTO_PROCESADAS\BICICLETAS,SAT00151-12.jpg,C:\Users\Baddo\Desktop\LISTO\LISTO_PROCESADAS\LISTO_PROCESADAS\BICICLETAS\SAT00151-12.jpg,https://i.ibb.co/0jyPCN6N/529ea09c95e4.jpg
LISTO_PROCESADAS\BICICLETAS,SAT00151-16.jpg,C:\Users\Baddo\Desktop\LISTO\LISTO_PROCESADAS\LISTO_PROCESADAS\BICICLETAS\SAT00151-16.jpg,https://i.ibb.co/0jyPCN6N/529ea09c95e4.jpg
LISTO_PROCESADAS\BICICLETAS,SAT00152-12.jpg,C:\Users\Baddo\Desktop\LISTO\LISTO_PROCESADAS\LISTO_PROCESADAS\BICICLETAS\SAT00152-12.jpg,https://i.ibb.co/gbtgkRKF/e082df3c3880.jpg
LISTO_PROCESADAS\BICICLETAS,SAT00153-12.jpg,C:\Users\Baddo\Desktop\LISTO\LISTO_PROCESADAS\LISTO_PROCESADAS\BICICLETAS\SAT00153-12.jpg,https://i.ibb.co/PsMmgn0n/dd4659914284.jpg
LISTO_PROCESADAS\BICICLETAS,SAT00155-12.jpg,C:\Users\Baddo\Desktop\LISTO\LISTO_PROCESADAS\LISTO_PROCESADAS\BICICLETAS\SAT00155-12.jpg,https://i.ibb.co/7dvVsbt4/ec66cf09aa1d.jpg
LISTO_PROCESADAS\BICICLETAS,SAT00155-16.jpg,C:\Users\Baddo\Desktop\LISTO\LISTO_PROCESADAS\LISTO_PROCESADAS\BICICLETAS\SAT00155-16.jpg,https://i.ibb.co/7dvVsbt4/ec66cf09aa1d.jpg
LISTO_PROCESADAS\BICICLETAS,SAT00155-20.jpg,C:\Users\Baddo\Desktop\LISTO\LISTO_PROCESADAS\LISTO_PROCESADAS\BICICLETAS\SAT00155-20.jpg,https://i.ibb.co/7dvVsbt4/ec66cf09aa1d.jpg
LISTO_PROCESADAS\BICICLETAS,SAT00156-12.jpg,C:\Users\Baddo\Desktop\LISTO\LISTO_PROCESADAS\LISTO_PROCESADAS\BICICLETAS\SAT00156-12.jpg,https://i.ibb.co/ch2yp4gM/a5f4b1995311.jpg
LISTO_PROCESADAS\BICICLETAS,SAT00156-16.jpg,C:\Users\Baddo\Desktop\LISTO\LISTO_PROCESADAS\LISTO_PROCESADAS\BICICLETAS\SAT00156-16.jpg,https://i.ibb.co/ch2yp4gM/a5f4b1995311.jpg
LISTO_PROCESADAS\BICICLETAS,SAT00156-20.jpg,C:\Users\Baddo\Desktop\LISTO\LISTO_PROCESADAS\LISTO_PROCESADAS\BICICLETAS\SAT00156-20.jpg,https://i.ibb.co/ch2yp4gM/a5f4b1995311.jpg
LISTO_PROCESADAS\CAMARAS,QD22-4G.jpg,C:\Users\Baddo\Desktop\LISTO\LISTO_PROCESADAS\LISTO_PROCESADAS\CAMARAS\QD22-4G.jpg,https://i.ibb.co/xqGwxqmN/5ec4b54070c4.jpg
LISTO_PROCESADAS\CAMARAS,QL18-4G.jpg,C:\Users\Baddo\Desktop\LISTO\LISTO_PROCESADAS\LISTO_PROCESADAS\CAMARAS\QL18-4G.jpg,https://i.ibb.co/CpJ19SMQ/73c75164ed97.jpg
LISTO_PROCESADAS\CAMARAS,S12.jpg,C:\Users\Baddo\Desktop\LISTO\LISTO_PROCESADAS\LISTO_PROCESADAS\CAMARAS\S12.jpg,https://i.ibb.co/C5pwW3X3/95f75f827c85.jpg
LISTO_PROCESADAS\CAMARAS,TVGKXMCQ09-2MP.jpg,C:\Users\Baddo\Desktop\LISTO\LISTO_PROCESADAS\LISTO_PROCESADAS\CAMARAS\TVGKXMCQ09-2MP.jpg,https://i.ibb.co/m5xksdsK/4d24669d7287.jpg
LISTO_PROCESADAS\CAMARAS,TVGKXMCQ12-2MP.jpg,C:\Users\Baddo\Desktop\LISTO\LISTO_PROCESADAS\LISTO_PROCESADAS\CAMARAS\TVGKXMCQ12-2MP.jpg,https://i.ibb.co/v4d0wWg1/cb69eefbd6c5.jpg
LISTO_PROCESADAS\CAMARAS,XMS51-4MP.jpg,C:\Users\Baddo\Desktop\LISTO\LISTO_PROCESADAS\LISTO_PROCESADAS\CAMARAS\XMS51-4MP.jpg,https://i.ibb.co/jvwzx11m/61ba9bf9e452.jpg
LISTO_PROCESADAS\CAMARAS,XMS53-4MP.jpg,C:\Users\Baddo\Desktop\LISTO\LISTO_PROCESADAS\LISTO_PROCESADAS\CAMARAS\XMS53-4MP.jpg,https://i.ibb.co/JwGmRQgD/643cf93e5bba.jpg
LISTO_PROCESADAS\CAMARAS,XMS6-3MP.jpg,C:\Users\Baddo\Desktop\LISTO\LISTO_PROCESADAS\LISTO_PROCESADAS\CAMARAS\XMS6-3MP.jpg,https://i.ibb.co/mCQhY9p2/8a4be41b8694.jpg
LISTO_PROCESADAS\CARRO,SAT00135-7.jpg,C:\Users\Baddo\Desktop\LISTO\LISTO_PROCESADAS\LISTO_PROCESADAS\CARRO\SAT00135-7.jpg,https://i.ibb.co/HTT1dC4N/3085a7dc8662.jpg
LISTO_PROCESADAS\CARRO,SAT00136-10.jpg,C:\Users\Baddo\Desktop\LISTO\LISTO_PROCESADAS\LISTO_PROCESADAS\CARRO\SAT00136-10.jpg,https://i.ibb.co/b5KQKPTC/ebe8bcbca245.jpg
LISTO_PROCESADAS\CARRO,SAT00136-9.jpg,C:\Users\Baddo\Desktop\LISTO\LISTO_PROCESADAS\LISTO_PROCESADAS\CARRO\SAT00136-9.jpg,https://i.ibb.co/b5KQKPTC/ebe8bcbca245.jpg
LISTO_PROCESADAS\CARRO,YX1920.jpg,C:\Users\Baddo\Desktop\LISTO\LISTO_PROCESADAS\LISTO_PROCESADAS\CARRO\YX1920.jpg,https://i.ibb.co/fVC27RVn/19ab84447367.jpg
LISTO_PROCESADAS\CONSOLAS DE VIDEOJUEGOS,M8.jpg,C:\Users\Baddo\Desktop\LISTO\LISTO_PROCESADAS\LISTO_PROCESADAS\CONSOLAS DE VIDEOJUEGOS\M8.jpg,https://i.ibb.co/s9Fm9903/32cabdd9e95c.jpg
LISTO_PROCESADAS\CONSOLAS DE VIDEOJUEGOS,M8S.jpg,C:\Users\Baddo\Desktop\LISTO\LISTO_PROCESADAS\LISTO_PROCESADAS\CONSOLAS DE VIDEOJUEGOS\M8S.jpg,https://i.ibb.co/pBNxT9P2/857ae1a14075.jpg
LISTO_PROCESADAS\CONSOLAS DE VIDEOJUEGOS,X6.jpg,C:\Users\Baddo\Desktop\LISTO\LISTO_PROCESADAS\LISTO_PROCESADAS\CONSOLAS DE VIDEOJUEGOS\X6.jpg,https://i.ibb.co/rKR5pgBN/5480c2da286b.jpg
LISTO_PROCESADAS\CONSOLAS DE VIDEOJUEGOS,X7M.jpg,C:\Users\Baddo\Desktop\LISTO\LISTO_PROCESADAS\LISTO_PROCESADAS\CONSOLAS DE VIDEOJUEGOS\X7M.jpg,https://i.ibb.co/YB63LQfj/8c8885ddfddf.jpg
LISTO_PROCESADAS\CONSOLAS DE VIDEOJUEGOS,x7PLUS.jpg,C:\Users\Baddo\Desktop\LISTO\LISTO_PROCESADAS\LISTO_PROCESADAS\CONSOLAS DE VIDEOJUEGOS\x7PLUS.jpg,https://i.ibb.co/Hf8CK6mX/812c8acfeeb5.jpg
LISTO_PROCESADAS\CORNETAS,JQS9011L.jpg,C:\Users\Baddo\Desktop\LISTO\LISTO_PROCESADAS\LISTO_PROCESADAS\CORNETAS\JQS9011L.jpg,https://i.ibb.co/1fwL2gcw/a07233976304.jpg
LISTO_PROCESADAS\CORNETAS,JQS901S.jpg,C:\Users\Baddo\Desktop\LISTO\LISTO_PROCESADAS\LISTO_PROCESADAS\CORNETAS\JQS901S.jpg,https://i.ibb.co/nqwn1jds/5052bdffdb4f.jpg
LISTO_PROCESADAS\CORNETAS,JQS902S.jpg,C:\Users\Baddo\Desktop\LISTO\LISTO_PROCESADAS\LISTO_PROCESADAS\CORNETAS\JQS902S.jpg,https://i.ibb.co/4cjW35C/e636dd4a04d9.jpg
LISTO_PROCESADAS\CORNETAS,JQS9056.jpg,C:\Users\Baddo\Desktop\LISTO\LISTO_PROCESADAS\LISTO_PROCESADAS\CORNETAS\JQS9056.jpg,https://i.ibb.co/4RzXb8jc/19bf2574135f.jpg
LISTO_PROCESADAS\CORNETAS,JQS910L.jpg,C:\Users\Baddo\Desktop\LISTO\LISTO_PROCESADAS\LISTO_PROCESADAS\CORNETAS\JQS910L.jpg,https://i.ibb.co/kg5YXr8k/c4cecceacc3b.jpg
LISTO_PROCESADAS\CORNETAS,JQS911S.jpg,C:\Users\Baddo\Desktop\LISTO\LISTO_PROCESADAS\LISTO_PROCESADAS\CORNETAS\JQS911S.jpg,https://i.ibb.co/S7Bzh04W/9469c752c262.jpg
LISTO_PROCESADAS\CORNETAS,JQS912L.jpg,C:\Users\Baddo\Desktop\LISTO\LISTO_PROCESADAS\LISTO_PROCESADAS\CORNETAS\JQS912L.jpg,https://i.ibb.co/fGYPvFkq/ffb1d6102868.jpg
LISTO_PROCESADAS\CORNETAS,JQS9602.jpg,C:\Users\Baddo\Desktop\LISTO\LISTO_PROCESADAS\LISTO_PROCESADAS\CORNETAS\JQS9602.jpg,https://i.ibb.co/S4JVvJ7p/1c25b7ab1f58.jpg
LISTO_PROCESADAS\CORNETAS,ZQS10208.jpg,C:\Users\Baddo\Desktop\LISTO\LISTO_PROCESADAS\LISTO_PROCESADAS\CORNETAS\ZQS10208.jpg,https://i.ibb.co/V0C1gcNx/c5d1a2ced6b4.jpg
LISTO_PROCESADAS\CORNETAS,ZQS10209.jpg,C:\Users\Baddo\Desktop\LISTO\LISTO_PROCESADAS\LISTO_PROCESADAS\CORNETAS\ZQS10209.jpg,https://i.ibb.co/Rpd6wwJ1/3d435b6f7497.jpg
LISTO_PROCESADAS\CORNETAS,ZQS10210.jpg,C:\Users\Baddo\Desktop\LISTO\LISTO_PROCESADAS\LISTO_PROCESADAS\CORNETAS\ZQS10210.jpg,https://i.ibb.co/Z6jzRwWx/24096c552134.jpg
LISTO_PROCESADAS\CORNETAS,ZQS10213.jpg,C:\Users\Baddo\Desktop\LISTO\LISTO_PROCESADAS\LISTO_PROCESADAS\CORNETAS\ZQS10213.jpg,https://i.ibb.co/8LJhdzCD/4240bf5cf1c1.jpg
LISTO_PROCESADAS\CORNETAS,ZQS10215.jpg,C:\Users\Baddo\Desktop\LISTO\LISTO_PROCESADAS\LISTO_PROCESADAS\CORNETAS\ZQS10215.jpg,https://i.ibb.co/cKZ5g62g/5a1de7a5aa03.jpg
LISTO_PROCESADAS\CORNETAS,ZQS12131.jpg,C:\Users\Baddo\Desktop\LISTO\LISTO_PROCESADAS\LISTO_PROCESADAS\CORNETAS\ZQS12131.jpg,https://i.ibb.co/fz8SNMVM/892cffa7a15b.jpg
LISTO_PROCESADAS\CORNETAS,ZQS12146.jpg,C:\Users\Baddo\Desktop\LISTO\LISTO_PROCESADAS\LISTO_PROCESADAS\CORNETAS\ZQS12146.jpg,https://i.ibb.co/pjP16sT8/398ea4339973.jpg
LISTO_PROCESADAS\CORNETAS,ZQS12147.jpg,C:\Users\Baddo\Desktop\LISTO\LISTO_PROCESADAS\LISTO_PROCESADAS\CORNETAS\ZQS12147.jpg,https://i.ibb.co/DPvp52sP/e8668f0fb82e.jpg
LISTO_PROCESADAS\CORNETAS,ZQS12148.jpg,C:\Users\Baddo\Desktop\LISTO\LISTO_PROCESADAS\LISTO_PROCESADAS\CORNETAS\ZQS12148.jpg,https://i.ibb.co/qYSBMG3G/b52d811ce2da.jpg
LISTO_PROCESADAS\CORNETAS,ZQS12155.jpg,C:\Users\Baddo\Desktop\LISTO\LISTO_PROCESADAS\LISTO_PROCESADAS\CORNETAS\ZQS12155.jpg,https://i.ibb.co/PZFVpyJV/31e30fd01304.jpg
LISTO_PROCESADAS\CORNETAS,ZQS12156.jpg,C:\Users\Baddo\Desktop\LISTO\LISTO_PROCESADAS\LISTO_PROCESADAS\CORNETAS\ZQS12156.jpg,https://i.ibb.co/HyJ33TF/cf2a403db295.jpg
LISTO_PROCESADAS\CORNETAS,ZQS12201.jpg,C:\Users\Baddo\Desktop\LISTO\LISTO_PROCESADAS\LISTO_PROCESADAS\CORNETAS\ZQS12201.jpg,https://i.ibb.co/39xWJ6Jc/8f8ac9ff052f.jpg
LISTO_PROCESADAS\CORNETAS,ZQS1221W.jpg,C:\Users\Baddo\Desktop\LISTO\LISTO_PROCESADAS\LISTO_PROCESADAS\CORNETAS\ZQS1221W.jpg,https://i.ibb.co/B2BF0x2r/062b9d9da916.jpg
LISTO_PROCESADAS\CORNETAS,ZQS1440.jpg,C:\Users\Baddo\Desktop\LISTO\LISTO_PROCESADAS\LISTO_PROCESADAS\CORNETAS\ZQS1440.jpg,https://i.ibb.co/C5vDdVMB/d3f008ee84b6.jpg
LISTO_PROCESADAS\CORNETAS,ZQS15111.jpg,C:\Users\Baddo\Desktop\LISTO\LISTO_PROCESADAS\LISTO_PROCESADAS\CORNETAS\ZQS15111.jpg,https://i.ibb.co/ZpbwqXVz/5de43b441324.jpg
LISTO_PROCESADAS\CORNETAS,ZQS15112.jpg,C:\Users\Baddo\Desktop\LISTO\LISTO_PROCESADAS\LISTO_PROCESADAS\CORNETAS\ZQS15112.jpg,https://i.ibb.co/hFrsjDwP/e652e68e0c0f.jpg
LISTO_PROCESADAS\CORNETAS,ZQS15124.jpg,C:\Users\Baddo\Desktop\LISTO\LISTO_PROCESADAS\LISTO_PROCESADAS\CORNETAS\ZQS15124.jpg,https://i.ibb.co/5XTGNbgY/ca58cd1dd600.jpg
LISTO_PROCESADAS\CORNETAS,ZQS2803.jpg,C:\Users\Baddo\Desktop\LISTO\LISTO_PROCESADAS\LISTO_PROCESADAS\CORNETAS\ZQS2803.jpg,https://i.ibb.co/MyT7NcB4/3c3f55708219.jpg
LISTO_PROCESADAS\CORNETAS,ZQS3601.jpg,C:\Users\Baddo\Desktop\LISTO\LISTO_PROCESADAS\LISTO_PROCESADAS\CORNETAS\ZQS3601.jpg,https://i.ibb.co/MDcS12by/7361884ce630.jpg
LISTO_PROCESADAS\CORNETAS,ZQS42107.jpg,C:\Users\Baddo\Desktop\LISTO\LISTO_PROCESADAS\LISTO_PROCESADAS\CORNETAS\ZQS42107.jpg,https://i.ibb.co/XrXmTpWv/50ec8d069460.jpg
LISTO_PROCESADAS\CORNETAS,ZQS4242.jpg,C:\Users\Baddo\Desktop\LISTO\LISTO_PROCESADAS\LISTO_PROCESADAS\CORNETAS\ZQS4242.jpg,https://i.ibb.co/TBfP57FT/cd2314f0959f.jpg
LISTO_PROCESADAS\CORNETAS,ZQS4259.jpg,C:\Users\Baddo\Desktop\LISTO\LISTO_PROCESADAS\LISTO_PROCESADAS\CORNETAS\ZQS4259.jpg,https://i.ibb.co/N6s7p0z9/901ed6a865a8.jpg
LISTO_PROCESADAS\CORNETAS,ZQS4273M.jpg,C:\Users\Baddo\Desktop\LISTO\LISTO_PROCESADAS\LISTO_PROCESADAS\CORNETAS\ZQS4273M.jpg,https://i.ibb.co/9mySqhkv/902c686e91da.jpg
LISTO_PROCESADAS\CORNETAS,ZQS4293.jpg,C:\Users\Baddo\Desktop\LISTO\LISTO_PROCESADAS\LISTO_PROCESADAS\CORNETAS\ZQS4293.jpg,https://i.ibb.co/jvHBP9ND/c07eabc2ac1b.jpg
LISTO_PROCESADAS\CORNETAS,ZQS4295.jpg,C:\Users\Baddo\Desktop\LISTO\LISTO_PROCESADAS\LISTO_PROCESADAS\CORNETAS\ZQS4295.jpg,https://i.ibb.co/Z64pWdGD/a56dbe1bb86c.jpg
LISTO_PROCESADAS\CORNETAS,ZQS4303.jpg,C:\Users\Baddo\Desktop\LISTO\LISTO_PROCESADAS\LISTO_PROCESADAS\CORNETAS\ZQS4303.jpg,https://i.ibb.co/BVZ182T3/5d4e73d4194b.jpg
LISTO_PROCESADAS\CORNETAS,ZQS6212.jpg,C:\Users\Baddo\Desktop\LISTO\LISTO_PROCESADAS\LISTO_PROCESADAS\CORNETAS\ZQS6212.jpg,https://i.ibb.co/CFPvdDB/32fd1d4021f2.jpg
LISTO_PROCESADAS\CORNETAS,ZQS6232.jpg,C:\Users\Baddo\Desktop\LISTO\LISTO_PROCESADAS\LISTO_PROCESADAS\CORNETAS\ZQS6232.jpg,https://i.ibb.co/JjdLtJnv/a3463e5f8abd.jpg
LISTO_PROCESADAS\CORNETAS,ZQS6239XW.jpg,C:\Users\Baddo\Desktop\LISTO\LISTO_PROCESADAS\LISTO_PROCESADAS\CORNETAS\ZQS6239XW.jpg,https://i.ibb.co/23tWFDQK/dda151c85d53.jpg
LISTO_PROCESADAS\CORNETAS,ZQS806.jpg,C:\Users\Baddo\Desktop\LISTO\LISTO_PROCESADAS\LISTO_PROCESADAS\CORNETAS\ZQS806.jpg,https://i.ibb.co/k6W1mFyR/9fe57d4713cc.jpg
LISTO_PROCESADAS\CORNETAS,ZQS8151.jpg,C:\Users\Baddo\Desktop\LISTO\LISTO_PROCESADAS\LISTO_PROCESADAS\CORNETAS\ZQS8151.jpg,https://i.ibb.co/BVKTJQBC/9a43443c0fa6.jpg
LISTO_PROCESADAS\CORNETAS,ZQS8167.jpg,C:\Users\Baddo\Desktop\LISTO\LISTO_PROCESADAS\LISTO_PROCESADAS\CORNETAS\ZQS8167.jpg,https://i.ibb.co/k23YMYNH/8b116368cd77.jpg
LISTO_PROCESADAS\CORNETAS,ZQS8211.jpg,C:\Users\Baddo\Desktop\LISTO\LISTO_PROCESADAS\LISTO_PROCESADAS\CORNETAS\ZQS8211.jpg,https://i.ibb.co/Fk9pYq3V/3412179df2bb.jpg
LISTO_PROCESADAS\CORNETAS,ZQS8238.jpg,C:\Users\Baddo\Desktop\LISTO\LISTO_PROCESADAS\LISTO_PROCESADAS\CORNETAS\ZQS8238.jpg,https://i.ibb.co/YB5yqhyk/0b0345d075c6.jpg
LISTO_PROCESADAS\CORNETAS,ZQS8251.jpg,C:\Users\Baddo\Desktop\LISTO\LISTO_PROCESADAS\LISTO_PROCESADAS\CORNETAS\ZQS8251.jpg,https://i.ibb.co/7d6PjxfT/204e90071805.jpg
LISTO_PROCESADAS\CORNETAS,ZQS8255.jpg,C:\Users\Baddo\Desktop\LISTO\LISTO_PROCESADAS\LISTO_PROCESADAS\CORNETAS\ZQS8255.jpg,https://i.ibb.co/DgHGntGw/26cd43429202.jpg
LISTO_PROCESADAS\CORNETAS,ZQS8263.jpg,C:\Users\Baddo\Desktop\LISTO\LISTO_PROCESADAS\LISTO_PROCESADAS\CORNETAS\ZQS8263.jpg,https://i.ibb.co/d4Hk37JG/eb000d48af4d.jpg
LISTO_PROCESADAS\CORNETAS,ZQS8273.jpg,C:\Users\Baddo\Desktop\LISTO\LISTO_PROCESADAS\LISTO_PROCESADAS\CORNETAS\ZQS8273.jpg,https://i.ibb.co/Ds2Rtd3/1863eb06da18.jpg
LISTO_PROCESADAS\CORNETAS,ZQS8275.jpg,C:\Users\Baddo\Desktop\LISTO\LISTO_PROCESADAS\LISTO_PROCESADAS\CORNETAS\ZQS8275.jpg,https://i.ibb.co/WvBWrG2N/dd4ba1708a20.jpg
LISTO_PROCESADAS\CORNETAS,ZQS8301.jpg,C:\Users\Baddo\Desktop\LISTO\LISTO_PROCESADAS\LISTO_PROCESADAS\CORNETAS\ZQS8301.jpg,https://i.ibb.co/4D3Z0kp/88404a8d80de.jpg
LISTO_PROCESADAS\CORNETAS,ZQS8309.jpg,C:\Users\Baddo\Desktop\LISTO\LISTO_PROCESADAS\LISTO_PROCESADAS\CORNETAS\ZQS8309.jpg,https://i.ibb.co/dJDLMKts/9068e6a66913.jpg
LISTO_PROCESADAS\CORNETAS,ZQS8312.jpg,C:\Users\Baddo\Desktop\LISTO\LISTO_PROCESADAS\LISTO_PROCESADAS\CORNETAS\ZQS8312.jpg,https://i.ibb.co/wZbbf6CZ/01ac1ac22aee.jpg
LISTO_PROCESADAS\CORNETAS,ZQS8313.jpg,C:\Users\Baddo\Desktop\LISTO\LISTO_PROCESADAS\LISTO_PROCESADAS\CORNETAS\ZQS8313.jpg,https://i.ibb.co/Qj8x7Jjs/c98cca0f20be.jpg
LISTO_PROCESADAS\CORNETAS,ZQS8315.jpg,C:\Users\Baddo\Desktop\LISTO\LISTO_PROCESADAS\LISTO_PROCESADAS\CORNETAS\ZQS8315.jpg,https://i.ibb.co/y9sKJY1/79e0f33374b4.jpg
LISTO_PROCESADAS\CORNETAS,ZQSL02.jpg,C:\Users\Baddo\Desktop\LISTO\LISTO_PROCESADAS\LISTO_PROCESADAS\CORNETAS\ZQSL02.jpg,https://i.ibb.co/0pFYt2Kj/eb6dab6a90af.jpg
LISTO_PROCESADAS\CORNETAS,ZQSL13.jpg,C:\Users\Baddo\Desktop\LISTO\LISTO_PROCESADAS\LISTO_PROCESADAS\CORNETAS\ZQSL13.jpg,https://i.ibb.co/4RqFRhMY/f1bacca301ec.jpg
LISTO_PROCESADAS\ELECTRODOMESTICOS,ETG211MTF.jpg,C:\Users\Baddo\Desktop\LISTO\LISTO_PROCESADAS\LISTO_PROCESADAS\ELECTRODOMESTICOS\ETG211MTF.jpg,https://i.ibb.co/sJKvTzG6/23823a90ae10.jpg
LISTO_PROCESADAS\ELECTRODOMESTICOS\FREIDORAS STARLUX Y SILVER CREST,S18.jpg,C:\Users\Baddo\Desktop\LISTO\LISTO_PROCESADAS\LISTO_PROCESADAS\ELECTRODOMESTICOS\FREIDORAS STARLUX Y SILVER CREST\S18.jpg,https://i.ibb.co/9mzzhYM8/9107bf0cb460.jpg
LISTO_PROCESADAS\ELECTRODOMESTICOS\FREIDORAS STARLUX Y SILVER CREST,SL23006.jpg,C:\Users\Baddo\Desktop\LISTO\LISTO_PROCESADAS\LISTO_PROCESADAS\ELECTRODOMESTICOS\FREIDORAS STARLUX Y SILVER CREST\SL23006.jpg,https://i.ibb.co/HpzDNNXn/483894e642a5.jpg
LISTO_PROCESADAS\ELECTRODOMESTICOS\FREIDORAS STARLUX Y SILVER CREST,SL23008.jpg,C:\Users\Baddo\Desktop\LISTO\LISTO_PROCESADAS\LISTO_PROCESADAS\ELECTRODOMESTICOS\FREIDORAS STARLUX Y SILVER CREST\SL23008.jpg,https://i.ibb.co/zT8gH0jy/671bee3b34d7.jpg
LISTO_PROCESADAS\ELECTRODOMESTICOS\RAF\LISTO\AIR FRYER,R95232W.jpg,C:\Users\Baddo\Desktop\LISTO\LISTO_PROCESADAS\LISTO_PROCESADAS\ELECTRODOMESTICOS\RAF\LISTO\AIR FRYER\R95232W.jpg,https://i.ibb.co/HLZLXzKK/5ea3fe40774c.jpg
LISTO_PROCESADAS\ELECTRODOMESTICOS\RAF\LISTO\AIR FRYER,R95234B.jpg,C:\Users\Baddo\Desktop\LISTO\LISTO_PROCESADAS\LISTO_PROCESADAS\ELECTRODOMESTICOS\RAF\LISTO\AIR FRYER\R95234B.jpg,https://i.ibb.co/Gr0pP4w/d60b617b1b14.jpg
LISTO_PROCESADAS\ELECTRODOMESTICOS\RAF\LISTO\AIR FRYER,R95234W.jpg,C:\Users\Baddo\Desktop\LISTO\LISTO_PROCESADAS\LISTO_PROCESADAS\ELECTRODOMESTICOS\RAF\LISTO\AIR FRYER\R95234W.jpg,https://i.ibb.co/S7Npb75R/02e633b4fe12.jpg
LISTO_PROCESADAS\ELECTRODOMESTICOS\RAF\LISTO\AIR FRYER,R95350.jpg,C:\Users\Baddo\Desktop\LISTO\LISTO_PROCESADAS\LISTO_PROCESADAS\ELECTRODOMESTICOS\RAF\LISTO\AIR FRYER\R95350.jpg,https://i.ibb.co/27K4mBRL/103fabff797c.jpg
LISTO_PROCESADAS\ELECTRODOMESTICOS\RAF\LISTO\AIR FRYER,R95398.jpg,C:\Users\Baddo\Desktop\LISTO\LISTO_PROCESADAS\LISTO_PROCESADAS\ELECTRODOMESTICOS\RAF\LISTO\AIR FRYER\R95398.jpg,https://i.ibb.co/vC5HxyCG/bb4c82e2b8f4.jpg
LISTO_PROCESADAS\ELECTRODOMESTICOS\RAF\LISTO\BALANZAS PERSONALES,R10005.jpg,C:\Users\Baddo\Desktop\LISTO\LISTO_PROCESADAS\LISTO_PROCESADAS\ELECTRODOMESTICOS\RAF\LISTO\BALANZAS PERSONALES\R10005.jpg,https://i.ibb.co/Q3TMKpRc/80c0a7f353f1.jpg
LISTO_PROCESADAS\ELECTRODOMESTICOS\RAF\LISTO\BALANZAS PERSONALES,R10022.jpg,C:\Users\Baddo\Desktop\LISTO\LISTO_PROCESADAS\LISTO_PROCESADAS\ELECTRODOMESTICOS\RAF\LISTO\BALANZAS PERSONALES\R10022.jpg,https://i.ibb.co/0pTvZcNw/205c8a791d10.jpg
LISTO_PROCESADAS\ELECTRODOMESTICOS\RAF\LISTO\BALANZAS PERSONALES,R10028.jpg,C:\Users\Baddo\Desktop\LISTO\LISTO_PROCESADAS\LISTO_PROCESADAS\ELECTRODOMESTICOS\RAF\LISTO\BALANZAS PERSONALES\R10028.jpg,https://i.ibb.co/bRLkR6vh/ed24470519f4.jpg
LISTO_PROCESADAS\ELECTRODOMESTICOS\RAF\LISTO\BATIDORAS,R96633.jpg,C:\Users\Baddo\Desktop\LISTO\LISTO_PROCESADAS\LISTO_PROCESADAS\ELECTRODOMESTICOS\RAF\LISTO\BATIDORAS\R96633.jpg,https://i.ibb.co/JF77Thqs/528e225f837d.jpg
LISTO_PROCESADAS\ELECTRODOMESTICOS\RAF\LISTO\BATIDORAS,R96637.jpg,C:\Users\Baddo\Desktop\LISTO\LISTO_PROCESADAS\LISTO_PROCESADAS\ELECTRODOMESTICOS\RAF\LISTO\BATIDORAS\R96637.jpg,https://i.ibb.co/tTTKGPcM/2fcf2f63da18.jpg
LISTO_PROCESADAS\ELECTRODOMESTICOS\RAF\LISTO\BATIDORAS,R96690.jpg,C:\Users\Baddo\Desktop\LISTO\LISTO_PROCESADAS\LISTO_PROCESADAS\ELECTRODOMESTICOS\RAF\LISTO\BATIDORAS\R96690.jpg,https://i.ibb.co/8n9JKM1F/f3d3fd5e4f1d.jpg
LISTO_PROCESADAS\ELECTRODOMESTICOS\RAF\LISTO\BATIDORES DE MANO,R342W.jpg,C:\Users\Baddo\Desktop\LISTO\LISTO_PROCESADAS\LISTO_PROCESADAS\ELECTRODOMESTICOS\RAF\LISTO\BATIDORES DE MANO\R342W.jpg,https://i.ibb.co/TB1mY8DD/8a94b3e4b2ab.jpg
LISTO_PROCESADAS\ELECTRODOMESTICOS\RAF\LISTO\BATIDORES DE MANO,R394G.jpg,C:\Users\Baddo\Desktop\LISTO\LISTO_PROCESADAS\LISTO_PROCESADAS\ELECTRODOMESTICOS\RAF\LISTO\BATIDORES DE MANO\R394G.jpg,https://i.ibb.co/pjVWf5Kr/0ffc1680ba39.jpg
LISTO_PROCESADAS\ELECTRODOMESTICOS\RAF\LISTO\BATIDORES DE MANO,R9319.jpg,C:\Users\Baddo\Desktop\LISTO\LISTO_PROCESADAS\LISTO_PROCESADAS\ELECTRODOMESTICOS\RAF\LISTO\BATIDORES DE MANO\R9319.jpg,https://i.ibb.co/DPHVcVvd/e693165b7055.jpg
"LISTO_PROCESADAS\ELECTRODOMESTICOS\RAF\LISTO\CAFETERAS, HERVIDORES Y PURIFICADORES DE AGUA",R7503-1.jpg,"C:\Users\Baddo\Desktop\LISTO\LISTO_PROCESADAS\LISTO_PROCESADAS\ELECTRODOMESTICOS\RAF\LISTO\CAFETERAS, HERVIDORES Y PURIFICADORES DE AGUA\R7503-1.jpg",https://i.ibb.co/8n777FgN/ea6f69532716.jpg
"LISTO_PROCESADAS\ELECTRODOMESTICOS\RAF\LISTO\CAFETERAS, HERVIDORES Y PURIFICADORES DE AGUA",R7503.jpg,"C:\Users\Baddo\Desktop\LISTO\LISTO_PROCESADAS\LISTO_PROCESADAS\ELECTRODOMESTICOS\RAF\LISTO\CAFETERAS, HERVIDORES Y PURIFICADORES DE AGUA\R7503.jpg",https://i.ibb.co/Q3JGSm3R/e7ee522a045f.jpg
"LISTO_PROCESADAS\ELECTRODOMESTICOS\RAF\LISTO\CAFETERAS, HERVIDORES Y PURIFICADORES DE AGUA",R7503PART.jpg,"C:\Users\Baddo\Desktop\LISTO\LISTO_PROCESADAS\LISTO_PROCESADAS\ELECTRODOMESTICOS\RAF\LISTO\CAFETERAS, HERVIDORES Y PURIFICADORES DE AGUA\R7503PART.jpg",https://i.ibb.co/vCWXcKZ6/9d485da50bed.jpg
"LISTO_PROCESADAS\ELECTRODOMESTICOS\RAF\LISTO\CAFETERAS, HERVIDORES Y PURIFICADORES DE AGUA",R9101S.jpg,"C:\Users\Baddo\Desktop\LISTO\LISTO_PROCESADAS\LISTO_PROCESADAS\ELECTRODOMESTICOS\RAF\LISTO\CAFETERAS, HERVIDORES Y PURIFICADORES DE AGUA\R9101S.jpg",https://i.ibb.co/HTY54TV9/a61d5071a24c.jpg
"LISTO_PROCESADAS\ELECTRODOMESTICOS\RAF\LISTO\CAFETERAS, HERVIDORES Y PURIFICADORES DE AGUA",R97201.jpg,"C:\Users\Baddo\Desktop\LISTO\LISTO_PROCESADAS\LISTO_PROCESADAS\ELECTRODOMESTICOS\RAF\LISTO\CAFETERAS, HERVIDORES Y PURIFICADORES DE AGUA\R97201.jpg",https://i.ibb.co/PGgmmR5G/b7123c3910d9.jpg
LISTO_PROCESADAS\ELECTRODOMESTICOS\RAF\LISTO\CEPILLOS PARA EL CABELLO,R9412.jpg,C:\Users\Baddo\Desktop\LISTO\LISTO_PROCESADAS\LISTO_PROCESADAS\ELECTRODOMESTICOS\RAF\LISTO\CEPILLOS PARA EL CABELLO\R9412.jpg,https://i.ibb.co/h12SsRYK/6bb3dc3648a4.jpg
LISTO_PROCESADAS\ELECTRODOMESTICOS\RAF\LISTO\CEPILLOS PARA EL CABELLO,R94565.jpg,C:\Users\Baddo\Desktop\LISTO\LISTO_PROCESADAS\LISTO_PROCESADAS\ELECTRODOMESTICOS\RAF\LISTO\CEPILLOS PARA EL CABELLO\R94565.jpg,https://i.ibb.co/Xk8yxt8G/ad68b4436e76.jpg
LISTO_PROCESADAS\ELECTRODOMESTICOS\RAF\LISTO\COCINAS DE GAS,R8032B.jpg,C:\Users\Baddo\Desktop\LISTO\LISTO_PROCESADAS\LISTO_PROCESADAS\ELECTRODOMESTICOS\RAF\LISTO\COCINAS DE GAS\R8032B.jpg,https://i.ibb.co/7N1BYxbB/75f80e61242d.jpg
LISTO_PROCESADAS\ELECTRODOMESTICOS\RAF\LISTO\COCINAS DE GAS,R8035.jpg,C:\Users\Baddo\Desktop\LISTO\LISTO_PROCESADAS\LISTO_PROCESADAS\ELECTRODOMESTICOS\RAF\LISTO\COCINAS DE GAS\R8035.jpg,https://i.ibb.co/DfyNtYq2/543535876fe2.jpg
LISTO_PROCESADAS\ELECTRODOMESTICOS\RAF\LISTO\COCINAS DE GAS,r8052.jpg,C:\Users\Baddo\Desktop\LISTO\LISTO_PROCESADAS\LISTO_PROCESADAS\ELECTRODOMESTICOS\RAF\LISTO\COCINAS DE GAS\r8052.jpg,https://i.ibb.co/WNQmpZdn/fb35e6d04589.jpg
LISTO_PROCESADAS\ELECTRODOMESTICOS\RAF\LISTO\COCINAS DE GAS,R8500.jpg,C:\Users\Baddo\Desktop\LISTO\LISTO_PROCESADAS\LISTO_PROCESADAS\ELECTRODOMESTICOS\RAF\LISTO\COCINAS DE GAS\R8500.jpg,https://i.ibb.co/Dj1L01d/cc09ec0b9e16.jpg
LISTO_PROCESADAS\ELECTRODOMESTICOS\RAF\LISTO\COCINAS DE GAS,R8501.jpg,C:\Users\Baddo\Desktop\LISTO\LISTO_PROCESADAS\LISTO_PROCESADAS\ELECTRODOMESTICOS\RAF\LISTO\COCINAS DE GAS\R8501.jpg,https://i.ibb.co/Mkshj89g/e04c1ec0b309.jpg
LISTO_PROCESADAS\ELECTRODOMESTICOS\RAF\LISTO\COCINAS DE GAS,R8502.jpg,C:\Users\Baddo\Desktop\LISTO\LISTO_PROCESADAS\LISTO_PROCESADAS\ELECTRODOMESTICOS\RAF\LISTO\COCINAS DE GAS\R8502.jpg,https://i.ibb.co/5ghdsR29/fec82ceebacf.jpg
LISTO_PROCESADAS\ELECTRODOMESTICOS\RAF\LISTO\COCINAS DE INFRARROJOS,R98027.jpg,C:\Users\Baddo\Desktop\LISTO\LISTO_PROCESADAS\LISTO_PROCESADAS\ELECTRODOMESTICOS\RAF\LISTO\COCINAS DE INFRARROJOS\R98027.jpg,https://i.ibb.co/5XYTV2t1/4e06ce0fb376.jpg
LISTO_PROCESADAS\ELECTRODOMESTICOS\RAF\LISTO\COCINAS DE INFRARROJOS,R98028.jpg,C:\Users\Baddo\Desktop\LISTO\LISTO_PROCESADAS\LISTO_PROCESADAS\ELECTRODOMESTICOS\RAF\LISTO\COCINAS DE INFRARROJOS\R98028.jpg,https://i.ibb.co/k25LqGKw/0081ddc8497f.jpg
LISTO_PROCESADAS\ELECTRODOMESTICOS\RAF\LISTO\COCINAS DE INFRARROJOS,R98029.jpg,C:\Users\Baddo\Desktop\LISTO\LISTO_PROCESADAS\LISTO_PROCESADAS\ELECTRODOMESTICOS\RAF\LISTO\COCINAS DE INFRARROJOS\R98029.jpg,https://i.ibb.co/6c7yVTtj/639e2ddcb07b.jpg
LISTO_PROCESADAS\ELECTRODOMESTICOS\RAF\LISTO\COCINAS DE INFRARROJOS,R98036.jpg,C:\Users\Baddo\Desktop\LISTO\LISTO_PROCESADAS\LISTO_PROCESADAS\ELECTRODOMESTICOS\RAF\LISTO\COCINAS DE INFRARROJOS\R98036.jpg,https://i.ibb.co/cSyYpYYR/373934b1fa8d.jpg
LISTO_PROCESADAS\ELECTRODOMESTICOS\RAF\LISTO\COCINAS DE INFRARROJOS,R98046B.jpg,C:\Users\Baddo\Desktop\LISTO\LISTO_PROCESADAS\LISTO_PROCESADAS\ELECTRODOMESTICOS\RAF\LISTO\COCINAS DE INFRARROJOS\R98046B.jpg,https://i.ibb.co/HTv82RCy/f652704f8d0a.jpg
LISTO_PROCESADAS\ELECTRODOMESTICOS\RAF\LISTO\COCINAS DE INFRARROJOS,R98061.jpg,C:\Users\Baddo\Desktop\LISTO\LISTO_PROCESADAS\LISTO_PROCESADAS\ELECTRODOMESTICOS\RAF\LISTO\COCINAS DE INFRARROJOS\R98061.jpg,https://i.ibb.co/gbJmFhW9/39a0204130db.jpg
LISTO_PROCESADAS\ELECTRODOMESTICOS\RAF\LISTO\DONERAS,R92205.jpg,C:\Users\Baddo\Desktop\LISTO\LISTO_PROCESADAS\LISTO_PROCESADAS\ELECTRODOMESTICOS\RAF\LISTO\DONERAS\R92205.jpg,https://i.ibb.co/nN0tWDzW/0412c9dd68ef.jpg
LISTO_PROCESADAS\ELECTRODOMESTICOS\RAF\LISTO\DONERAS,R92219R.jpg,C:\Users\Baddo\Desktop\LISTO\LISTO_PROCESADAS\LISTO_PROCESADAS\ELECTRODOMESTICOS\RAF\LISTO\DONERAS\R92219R.jpg,https://i.ibb.co/qYvzj3Xg/a81c70c1df22.jpg
LISTO_PROCESADAS\ELECTRODOMESTICOS\RAF\LISTO\ESTRACTORES DE JUGO,R92733.jpg,C:\Users\Baddo\Desktop\LISTO\LISTO_PROCESADAS\LISTO_PROCESADAS\ELECTRODOMESTICOS\RAF\LISTO\ESTRACTORES DE JUGO\R92733.jpg,https://i.ibb.co/G4kghDsg/069b76fb8b42.jpg
LISTO_PROCESADAS\ELECTRODOMESTICOS\RAF\LISTO\ESTRACTORES DE JUGO,R92805.jpg,C:\Users\Baddo\Desktop\LISTO\LISTO_PROCESADAS\LISTO_PROCESADAS\ELECTRODOMESTICOS\RAF\LISTO\ESTRACTORES DE JUGO\R92805.jpg,https://i.ibb.co/r2Gq5xmd/86777189c097.jpg
LISTO_PROCESADAS\ELECTRODOMESTICOS\RAF\LISTO\ESTRACTORES DE JUGO,R92811.jpg,C:\Users\Baddo\Desktop\LISTO\LISTO_PROCESADAS\LISTO_PROCESADAS\ELECTRODOMESTICOS\RAF\LISTO\ESTRACTORES DE JUGO\R92811.jpg,https://i.ibb.co/BKd0fr8H/92b87a2bf549.jpg
LISTO_PROCESADAS\ELECTRODOMESTICOS\RAF\LISTO\ESTRACTORES DE JUGO,R92831.jpg,C:\Users\Baddo\Desktop\LISTO\LISTO_PROCESADAS\LISTO_PROCESADAS\ELECTRODOMESTICOS\RAF\LISTO\ESTRACTORES DE JUGO\R92831.jpg,https://i.ibb.co/pB8f0PM4/a8f3d64e0693.jpg
LISTO_PROCESADAS\ELECTRODOMESTICOS\RAF\LISTO\ESTRACTORES DE JUGO,R9611.jpg,C:\Users\Baddo\Desktop\LISTO\LISTO_PROCESADAS\LISTO_PROCESADAS\ELECTRODOMESTICOS\RAF\LISTO\ESTRACTORES DE JUGO\R9611.jpg,https://i.ibb.co/S7Hn8RBH/6308e6039f7c.jpg
LISTO_PROCESADAS\ELECTRODOMESTICOS\RAF\LISTO\ESTRACTORES DE JUGO,R9617.jpg,C:\Users\Baddo\Desktop\LISTO\LISTO_PROCESADAS\LISTO_PROCESADAS\ELECTRODOMESTICOS\RAF\LISTO\ESTRACTORES DE JUGO\R9617.jpg,https://i.ibb.co/BVBxyc26/d97dd0cc61b8.jpg
LISTO_PROCESADAS\ELECTRODOMESTICOS\RAF\LISTO\ESTRACTORES DE JUGO,R9638.jpg,C:\Users\Baddo\Desktop\LISTO\LISTO_PROCESADAS\LISTO_PROCESADAS\ELECTRODOMESTICOS\RAF\LISTO\ESTRACTORES DE JUGO\R9638.jpg,https://i.ibb.co/bRHm1n21/e5f4482ce165.jpg
LISTO_PROCESADAS\ELECTRODOMESTICOS\RAF\LISTO\FREIDORAS PROFUNDAS,R5221.jpg,C:\Users\Baddo\Desktop\LISTO\LISTO_PROCESADAS\LISTO_PROCESADAS\ELECTRODOMESTICOS\RAF\LISTO\FREIDORAS PROFUNDAS\R5221.jpg,https://i.ibb.co/Ng46fFGf/99c0cd930e92.jpg
LISTO_PROCESADAS\ELECTRODOMESTICOS\RAF\LISTO\FREIDORAS PROFUNDAS,R95220.jpg,C:\Users\Baddo\Desktop\LISTO\LISTO_PROCESADAS\LISTO_PROCESADAS\ELECTRODOMESTICOS\RAF\LISTO\FREIDORAS PROFUNDAS\R95220.jpg,https://i.ibb.co/QjDcYKhF/90ec0677c27b.jpg
LISTO_PROCESADAS\ELECTRODOMESTICOS\RAF\LISTO\FREIDORAS PROFUNDAS,R95229.jpg,C:\Users\Baddo\Desktop\LISTO\LISTO_PROCESADAS\LISTO_PROCESADAS\ELECTRODOMESTICOS\RAF\LISTO\FREIDORAS PROFUNDAS\R95229.jpg,https://i.ibb.co/svDR6Sv3/8d095cc29d75.jpg
LISTO_PROCESADAS\ELECTRODOMESTICOS\RAF\LISTO\FREIDORAS PROFUNDAS,R95249.jpg,C:\Users\Baddo\Desktop\LISTO\LISTO_PROCESADAS\LISTO_PROCESADAS\ELECTRODOMESTICOS\RAF\LISTO\FREIDORAS PROFUNDAS\R95249.jpg,https://i.ibb.co/Mk4qvGq8/a983b1274c1e.jpg
LISTO_PROCESADAS\ELECTRODOMESTICOS\RAF\LISTO\HORNOS ELECTRICOS,R95305B.jpg,C:\Users\Baddo\Desktop\LISTO\LISTO_PROCESADAS\LISTO_PROCESADAS\ELECTRODOMESTICOS\RAF\LISTO\HORNOS ELECTRICOS\R95305B.jpg,https://i.ibb.co/nq7gZLGF/b6e4736aeac1.jpg
LISTO_PROCESADAS\ELECTRODOMESTICOS\RAF\LISTO\HORNOS ELECTRICOS,R95305W.jpg,C:\Users\Baddo\Desktop\LISTO\LISTO_PROCESADAS\LISTO_PROCESADAS\ELECTRODOMESTICOS\RAF\LISTO\HORNOS ELECTRICOS\R95305W.jpg,https://i.ibb.co/wr0swVxG/3c5a2551320d.jpg
LISTO_PROCESADAS\ELECTRODOMESTICOS\RAF\LISTO\JUEGO DE OLLAS Y MOLEDOR DE CONDIMENTOS,R741.jpg,C:\Users\Baddo\Desktop\LISTO\LISTO_PROCESADAS\LISTO_PROCESADAS\ELECTRODOMESTICOS\RAF\LISTO\JUEGO DE OLLAS Y MOLEDOR DE CONDIMENTOS\R741.jpg,https://i.ibb.co/CpDzGt6v/3ff781cbe055.jpg
LISTO_PROCESADAS\ELECTRODOMESTICOS\RAF\LISTO\JUEGO DE OLLAS Y MOLEDOR DE CONDIMENTOS,R80002.jpg,C:\Users\Baddo\Desktop\LISTO\LISTO_PROCESADAS\LISTO_PROCESADAS\ELECTRODOMESTICOS\RAF\LISTO\JUEGO DE OLLAS Y MOLEDOR DE CONDIMENTOS\R80002.jpg,https://i.ibb.co/SWsk09f/f909e16277b9.jpg
LISTO_PROCESADAS\ELECTRODOMESTICOS\RAF\LISTO\LICUADORAS,R92834.jpg,C:\Users\Baddo\Desktop\LISTO\LISTO_PROCESADAS\LISTO_PROCESADAS\ELECTRODOMESTICOS\RAF\LISTO\LICUADORAS\R92834.jpg,https://i.ibb.co/r2QRhZ4Q/53b2398af29b.jpg
LISTO_PROCESADAS\ELECTRODOMESTICOS\RAF\LISTO\LICUADORAS,R92863.jpg,C:\Users\Baddo\Desktop\LISTO\LISTO_PROCESADAS\LISTO_PROCESADAS\ELECTRODOMESTICOS\RAF\LISTO\LICUADORAS\R92863.jpg,https://i.ibb.co/N6kcD9st/ebfd3cd82f79.jpg
LISTO_PROCESADAS\ELECTRODOMESTICOS\RAF\LISTO\LICUADORAS,R92877.jpg,C:\Users\Baddo\Desktop\LISTO\LISTO_PROCESADAS\LISTO_PROCESADAS\ELECTRODOMESTICOS\RAF\LISTO\LICUADORAS\R92877.jpg,https://i.ibb.co/Dg7LQ7C1/70e96d36f3bf.jpg
LISTO_PROCESADAS\ELECTRODOMESTICOS\RAF\LISTO\LICUADORAS,R92889.jpg,C:\Users\Baddo\Desktop\LISTO\LISTO_PROCESADAS\LISTO_PROCESADAS\ELECTRODOMESTICOS\RAF\LISTO\LICUADORAS\R92889.jpg,https://i.ibb.co/s9Y2H4xc/456a5accad2b.jpg
LISTO_PROCESADAS\ELECTRODOMESTICOS\RAF\LISTO\MAQUINAS DE COTUFA,R99012.jpg,C:\Users\Baddo\Desktop\LISTO\LISTO_PROCESADAS\LISTO_PROCESADAS\ELECTRODOMESTICOS\RAF\LISTO\MAQUINAS DE COTUFA\R99012.jpg,https://i.ibb.co/MxBwxt0h/4e88c1d37935.jpg
LISTO_PROCESADAS\ELECTRODOMESTICOS\RAF\LISTO\MAQUINAS DE COTUFA,R99014.jpg,C:\Users\Baddo\Desktop\LISTO\LISTO_PROCESADAS\LISTO_PROCESADAS\ELECTRODOMESTICOS\RAF\LISTO\MAQUINAS DE COTUFA\R99014.jpg,https://i.ibb.co/ynWPP5nk/720064ee63e2.jpg
LISTO_PROCESADAS\ELECTRODOMESTICOS\RAF\LISTO\MAQUINAS DE YOGURT Y HIELERA,R90300.jpg,C:\Users\Baddo\Desktop\LISTO\LISTO_PROCESADAS\LISTO_PROCESADAS\ELECTRODOMESTICOS\RAF\LISTO\MAQUINAS DE YOGURT Y HIELERA\R90300.jpg,https://i.ibb.co/0RxDg22X/494b6de84f93.jpg
LISTO_PROCESADAS\ELECTRODOMESTICOS\RAF\LISTO\MAQUINAS DE YOGURT Y HIELERA,R914400.jpg,C:\Users\Baddo\Desktop\LISTO\LISTO_PROCESADAS\LISTO_PROCESADAS\ELECTRODOMESTICOS\RAF\LISTO\MAQUINAS DE YOGURT Y HIELERA\R914400.jpg,https://i.ibb.co/tpj2prsj/f5e241f2fe66.jpg
LISTO_PROCESADAS\ELECTRODOMESTICOS\RAF\LISTO\MAQUINAS DE YOGURT Y HIELERA,R914404.jpg,C:\Users\Baddo\Desktop\LISTO\LISTO_PROCESADAS\LISTO_PROCESADAS\ELECTRODOMESTICOS\RAF\LISTO\MAQUINAS DE YOGURT Y HIELERA\R914404.jpg,https://i.ibb.co/9mXKVvJ5/cb231a76f793.jpg
LISTO_PROCESADAS\ELECTRODOMESTICOS\RAF\LISTO\OLLAS Y SARTENES ELECTRICOS,R9166W.jpg,C:\Users\Baddo\Desktop\LISTO\LISTO_PROCESADAS\LISTO_PROCESADAS\ELECTRODOMESTICOS\RAF\LISTO\OLLAS Y SARTENES ELECTRICOS\R9166W.jpg,https://i.ibb.co/93Gnw81V/6bfaf98210f5.jpg
LISTO_PROCESADAS\ELECTRODOMESTICOS\RAF\LISTO\OLLAS Y SARTENES ELECTRICOS,R9179.jpg,C:\Users\Baddo\Desktop\LISTO\LISTO_PROCESADAS\LISTO_PROCESADAS\ELECTRODOMESTICOS\RAF\LISTO\OLLAS Y SARTENES ELECTRICOS\R9179.jpg,https://i.ibb.co/5xr1dCky/b00a04585f49.jpg
LISTO_PROCESADAS\ELECTRODOMESTICOS\RAF\LISTO\OLLAS Y SARTENES ELECTRICOS,R9180.jpg,C:\Users\Baddo\Desktop\LISTO\LISTO_PROCESADAS\LISTO_PROCESADAS\ELECTRODOMESTICOS\RAF\LISTO\OLLAS Y SARTENES ELECTRICOS\R9180.jpg,https://i.ibb.co/nM595R04/bbe4d5296741.jpg
LISTO_PROCESADAS\ELECTRODOMESTICOS\RAF\LISTO\OLLAS Y SARTENES ELECTRICOS,R95410.jpg,C:\Users\Baddo\Desktop\LISTO\LISTO_PROCESADAS\LISTO_PROCESADAS\ELECTRODOMESTICOS\RAF\LISTO\OLLAS Y SARTENES ELECTRICOS\R95410.jpg,https://i.ibb.co/cK6ypXkM/467854d7c249.jpg
LISTO_PROCESADAS\ELECTRODOMESTICOS\RAF\LISTO\OLLAS Y SARTENES ELECTRICOS,R95411.jpg,C:\Users\Baddo\Desktop\LISTO\LISTO_PROCESADAS\LISTO_PROCESADAS\ELECTRODOMESTICOS\RAF\LISTO\OLLAS Y SARTENES ELECTRICOS\R95411.jpg,https://i.ibb.co/Ps7J7t3D/c54b70965261.jpg
LISTO_PROCESADAS\ELECTRODOMESTICOS\RAF\LISTO\PLANCHAS DE ROPA,R1313B.jpg,C:\Users\Baddo\Desktop\LISTO\LISTO_PROCESADAS\LISTO_PROCESADAS\ELECTRODOMESTICOS\RAF\LISTO\PLANCHAS DE ROPA\R1313B.jpg,https://i.ibb.co/NgG7PP3V/9b9847b30917.jpg
LISTO_PROCESADAS\ELECTRODOMESTICOS\RAF\LISTO\PLANCHAS DE ROPA,R4102W.jpg,C:\Users\Baddo\Desktop\LISTO\LISTO_PROCESADAS\LISTO_PROCESADAS\ELECTRODOMESTICOS\RAF\LISTO\PLANCHAS DE ROPA\R4102W.jpg,https://i.ibb.co/8LX5K82m/0a6395d68698.jpg
LISTO_PROCESADAS\ELECTRODOMESTICOS\RAF\LISTO\PLANCHAS DE ROPA,R91171B.jpg,C:\Users\Baddo\Desktop\LISTO\LISTO_PROCESADAS\LISTO_PROCESADAS\ELECTRODOMESTICOS\RAF\LISTO\PLANCHAS DE ROPA\R91171B.jpg,https://i.ibb.co/7tCWKBqW/3c79c9d69de1.jpg
LISTO_PROCESADAS\ELECTRODOMESTICOS\RAF\LISTO\PLANCHAS DE ROPA,R91171R.jpg,C:\Users\Baddo\Desktop\LISTO\LISTO_PROCESADAS\LISTO_PROCESADAS\ELECTRODOMESTICOS\RAF\LISTO\PLANCHAS DE ROPA\R91171R.jpg,https://i.ibb.co/rKWCqbv1/9ee41a0d4b88.jpg
LISTO_PROCESADAS\ELECTRODOMESTICOS\RAF\LISTO\PLANCHAS DE ROPA,R91234B.jpg,C:\Users\Baddo\Desktop\LISTO\LISTO_PROCESADAS\LISTO_PROCESADAS\ELECTRODOMESTICOS\RAF\LISTO\PLANCHAS DE ROPA\R91234B.jpg,https://i.ibb.co/cKYD2RkF/4d01cf482e45.jpg
LISTO_PROCESADAS\ELECTRODOMESTICOS\RAF\LISTO\PLANCHAS DE ROPA,R91245B.jpg,C:\Users\Baddo\Desktop\LISTO\LISTO_PROCESADAS\LISTO_PROCESADAS\ELECTRODOMESTICOS\RAF\LISTO\PLANCHAS DE ROPA\R91245B.jpg,https://i.ibb.co/2752rvyM/055efc7a43f2.jpg
LISTO_PROCESADAS\ELECTRODOMESTICOS\RAF\LISTO\PLANCHAS DE ROPA,R91266G.jpg,C:\Users\Baddo\Desktop\LISTO\LISTO_PROCESADAS\LISTO_PROCESADAS\ELECTRODOMESTICOS\RAF\LISTO\PLANCHAS DE ROPA\R91266G.jpg,https://i.ibb.co/HRjdg5y/704508bf05ec.jpg
LISTO_PROCESADAS\ELECTRODOMESTICOS\RAF\LISTO\PLANCHAS DE ROPA,R91267.jpg,C:\Users\Baddo\Desktop\LISTO\LISTO_PROCESADAS\LISTO_PROCESADAS\ELECTRODOMESTICOS\RAF\LISTO\PLANCHAS DE ROPA\R91267.jpg,https://i.ibb.co/9H2Gzjt2/488b38fe1161.jpg
LISTO_PROCESADAS\ELECTRODOMESTICOS\RAF\LISTO\PROCESADORES DE ALIMENTOS,R97014.jpg,C:\Users\Baddo\Desktop\LISTO\LISTO_PROCESADAS\LISTO_PROCESADAS\ELECTRODOMESTICOS\RAF\LISTO\PROCESADORES DE ALIMENTOS\R97014.jpg,https://i.ibb.co/MD8jk4Mf/7b8eb567cf4e.jpg
LISTO_PROCESADAS\ELECTRODOMESTICOS\RAF\LISTO\PROCESADORES DE ALIMENTOS,R97126.jpg,C:\Users\Baddo\Desktop\LISTO\LISTO_PROCESADAS\LISTO_PROCESADAS\ELECTRODOMESTICOS\RAF\LISTO\PROCESADORES DE ALIMENTOS\R97126.jpg,https://i.ibb.co/0z35JvT/72a87b79e088.jpg
LISTO_PROCESADAS\ELECTRODOMESTICOS\RAF\LISTO\PROCESADORES DE ALIMENTOS,R97709.jpg,C:\Users\Baddo\Desktop\LISTO\LISTO_PROCESADAS\LISTO_PROCESADAS\ELECTRODOMESTICOS\RAF\LISTO\PROCESADORES DE ALIMENTOS\R97709.jpg,https://i.ibb.co/HTynpcfb/3fdb9a2d53ee.jpg
LISTO_PROCESADAS\ELECTRODOMESTICOS\RAF\LISTO\SANDWICHERA Y PARRILLERA,R9207S.jpg,C:\Users\Baddo\Desktop\LISTO\LISTO_PROCESADAS\LISTO_PROCESADAS\ELECTRODOMESTICOS\RAF\LISTO\SANDWICHERA Y PARRILLERA\R9207S.jpg,https://i.ibb.co/ZRbVGtSq/d4cd217dfbd1.jpg
LISTO_PROCESADAS\ELECTRODOMESTICOS\RAF\LISTO\SANDWICHERA Y PARRILLERA,R9516.jpg,C:\Users\Baddo\Desktop\LISTO\LISTO_PROCESADAS\LISTO_PROCESADAS\ELECTRODOMESTICOS\RAF\LISTO\SANDWICHERA Y PARRILLERA\R9516.jpg,https://i.ibb.co/Kjr7C9mJ/0e412a52003d.jpg
LISTO_PROCESADAS\ELECTRODOMESTICOS\RAF\LISTO\SANDWICHERA Y PARRILLERA,R9540.jpg,C:\Users\Baddo\Desktop\LISTO\LISTO_PROCESADAS\LISTO_PROCESADAS\ELECTRODOMESTICOS\RAF\LISTO\SANDWICHERA Y PARRILLERA\R9540.jpg,https://i.ibb.co/xK4y2820/0fc4dce68054.jpg
LISTO_PROCESADAS\ELECTRODOMESTICOS\RAF\LISTO\SANDWICHERA Y PARRILLERA,R9541.jpg,C:\Users\Baddo\Desktop\LISTO\LISTO_PROCESADAS\LISTO_PROCESADAS\ELECTRODOMESTICOS\RAF\LISTO\SANDWICHERA Y PARRILLERA\R9541.jpg,https://i.ibb.co/QvYjL2gX/d531e23245b2.jpg
MICROFONO Y ECUALIZDOR,AV298BT.PNG,C:\Users\Baddo\Desktop\LISTO\LISTO_PROCESADAS\MICROFONO Y ECUALIZDOR\AV298BT.jpg,https://i.ibb.co/5g7YY8fg/e08a667c80f6.jpg
MICROFONO Y ECUALIZDOR,ZQS1M505.PNG,C:\Users\Baddo\Desktop\LISTO\LISTO_PROCESADAS\MICROFONO Y ECUALIZDOR\ZQS1M505.jpg,https://i.ibb.co/JjMrTbzR/3cd75014daa2.jpg
MICROFONO Y ECUALIZDOR,ZQS2M506.PNG,C:\Users\Baddo\Desktop\LISTO\LISTO_PROCESADAS\MICROFONO Y ECUALIZDOR\ZQS2M506.jpg,https://i.ibb.co/PZ8PJLRP/cea69431b0ce.jpg
TV,HDL117B.PNG,C:\Users\Baddo\Desktop\LISTO\LISTO_PROCESADAS\TV\HDL117B.jpg,https://i.ibb.co/cG0G3S2/3c3ce9ce9eb6.jpg
TV,Q2MINI.PNG,C:\Users\Baddo\Desktop\LISTO\LISTO_PROCESADAS\TV\Q2MINI.jpg,https://i.ibb.co/1t5cSCt2/e2fcfbd9d406.jpg
TV,SAT00127-32.PNG,C:\Users\Baddo\Desktop\LISTO\LISTO_PROCESADAS\TV\SAT00127-32.jpg,https://i.ibb.co/B5STRHg8/ca32f6011fb7.jpg
TV,SAT00127-32W.PNG,C:\Users\Baddo\Desktop\LISTO\LISTO_PROCESADAS\TV\SAT00127-32W.jpg,https://i.ibb.co/dsP1rtnX/94270d6ca9d4.jpg
TV,SAT00127-40W.PNG,C:\Users\Baddo\Desktop\LISTO\LISTO_PROCESADAS\TV\SAT00127-40W.jpg,https://i.ibb.co/jPRw2PRv/401465ec00d9.jpg
TV,SAT00157.PNG,C:\Users\Baddo\Desktop\LISTO\LISTO_PROCESADAS\TV\SAT00157.jpg,https://i.ibb.co/60T0WMnb/716be1017876.jpg
TV,SAT00158.PNG,C:\Users\Baddo\Desktop\LISTO\LISTO_PROCESADAS\TV\SAT00158.jpg,https://i.ibb.co/zVQY8Cbb/569b4e95d8e0.jpg
TV,SAT00159.PNG,C:\Users\Baddo\Desktop\LISTO\LISTO_PROCESADAS\TV\SAT00159.jpg,https://i.ibb.co/Kzw6bz7Q/079045355de4.jpg
TV,X400.PNG,C:\Users\Baddo\Desktop\LISTO\LISTO_PROCESADAS\TV\X400.jpg,https://i.ibb.co/XrkmCXdy/ee90eb4c37b5.jpg
